parent_url,page_title,paragraph
https://www.bbc.com/nepali,मुख पृष्ठ - BBC News नेपाली,सुर्खेत र जुम्लामा बाहेक कर्णालीका अरू जिल्लामा शिशुका लागि आवश्यक एनआईसीयू सेवा नै उपलब्ध छैन।
https://www.bbc.com/nepali,मुख पृष्ठ - BBC News नेपाली,नेपालले करिब एक महिना अघि नै औपचारिक पत्र पठाएर जीबी राईलाई स्वदेश फर्काइदिन गरेको आग्रहबारे मलेशियाले कुनै औपचारिक जबाफ दिएको छैन।
https://www.bbc.com/nepali,मुख पृष्ठ - BBC News नेपाली,2024 बीबीसी। अन्य वेबसाइटका सामग्रीहरूका लागि बीबीसी जिम्मेवार छैन।
https://topnepalnews.com/,Home Page - Top Nepal News," 
                                    काठमाडौँ । ताइवानको पूर्वी तटीय क्षेत्रमा…                                       "
https://topnepalnews.com/,Home Page - Top Nepal News,"
                                    काठमाडौँ । रियल मड्रिडले ३६औं पटक…  
                                      "
https://www.bbc.com/nepali,मुख पृष्ठ - BBC News नेपाली,सुर्खेत र जुम्लामा बाहेक कर्णालीका अरू जिल्लामा शिशुका लागि आवश्यक एनआईसीयू सेवा नै उपलब्ध छैन।
https://www.bbc.com/nepali,मुख पृष्ठ - BBC News नेपाली,नेपालले करिब एक महिना अघि नै औपचारिक पत्र पठाएर जीबी राईलाई स्वदेश फर्काइदिन गरेको आग्रहबारे मलेशियाले कुनै औपचारिक जबाफ दिएको छैन।
https://www.bbc.com/nepali,मुख पृष्ठ - BBC News नेपाली,2024 बीबीसी। अन्य वेबसाइटका सामग्रीहरूका लागि बीबीसी जिम्मेवार छैन।
http://nepalipost.com/beta/,नेपालीपोष्ट – Nepali news site.,नेपाली पोष्ट डटकम
https://www.bbc.com/nepali/bbc_nepali_radio/programmes/p0340xzv,सांझपख - सांझपख - Nepali - BBC News नेपाली,बीबीसी नेपाली सेवाको हरेक दिन बेलुकी पौने नौ बजे प्रसारण हुने कार्यक्रम
https://www.bbc.com/nepali/bbc_nepali_radio/programmes/p0340xzv,सांझपख - सांझपख - Nepali - BBC News नेपाली,2024 बीबीसी। अन्य वेबसाइटका सामग्रीहरूका लागि बीबीसी जिम्मेवार छैन।
https://www.bbc.com/nepali/topics/cw9kv027nwnt,भिडियो - BBC News नेपाली,2024 बीबीसी। अन्य वेबसाइटका सामग्रीहरूका लागि बीबीसी जिम्मेवार छैन।
https://www.bbc.com/nepali/articles/ce43w3rd1pdo,रुस-युक्रेन युद्ध: रुसमाथि कस्ता प्रतिबन्ध छन् र के त्यसले रुसको अर्थतन्त्रमा धक्का लागेको छ?  - BBC News नेपाली,2024 बीबीसी। अन्य वेबसाइटका सामग्रीहरूका लागि बीबीसी जिम्मेवार छैन।
http://nepalipost.com/beta/,नेपालीपोष्ट – Nepali news site.,नेपाली पोष्ट डटकम
https://topnepalnews.com/,Home Page - Top Nepal News," 
                                    काठमाडौँ । ताइवानको पूर्वी तटीय क्षेत्रमा…                                       "
https://topnepalnews.com/,Home Page - Top Nepal News,"
                                    काठमाडौँ । रियल मड्रिडले ३६औं पटक…  
                                      "
https://www.bbc.com/nepali/articles/czrxwryng8lo,जङ्गली ओराङउटान जसले आफ्नो घाउ आफैले निको पार्‍यो - BBC News नेपाली,2024 बीबीसी। अन्य वेबसाइटका सामग्रीहरूका लागि बीबीसी जिम्मेवार छैन।
https://www.bbc.com/nepali/articles/c4n14g15nljo,ह्वाट्सएप : प्रतिबन्धबीच करोडौँले कसरी गोप्य रूपमा चलाइरहेछन् यो एप - BBC News नेपाली,2024 बीबीसी। अन्य वेबसाइटका सामग्रीहरूका लागि बीबीसी जिम्मेवार छैन।
https://www.bbc.com/nepali/articles/cw941gqpgnlo,कर्णालीः उपचार नपाउँदा नवजात शिशु गुमाएका आमाहरूको वेदना - BBC News नेपाली,बालरोग विशेषज्ञ डा.अनिता दाहाल एसएनसीयू वा एनआईसीयूमा राखेर उपचार गरेको भए दुर्गाका शिशुहरूलाई बचाउन सकिने बताउँछिन्।
https://www.bbc.com/nepali/articles/cw941gqpgnlo,कर्णालीः उपचार नपाउँदा नवजात शिशु गुमाएका आमाहरूको वेदना - BBC News नेपाली,सुर्खेत र जुम्लामा बाहेक कर्णालीका अरू जिल्लामा शिशुका लागि आवश्यक एनआईसीयू सेवा उपलब्ध छैन।
https://www.bbc.com/nepali/articles/cw941gqpgnlo,कर्णालीः उपचार नपाउँदा नवजात शिशु गुमाएका आमाहरूको वेदना - BBC News नेपाली,त्यसैले ती अस्पतालहरू एसएनसीयू र एनआईसीयू सेवा चाहिने शिशुलाई तुरुन्तै अन्यत्र रेफर गर्नुबाहेक अरू विकल्प नभएको बताउँछन्।
https://www.bbc.com/nepali/articles/cw941gqpgnlo,कर्णालीः उपचार नपाउँदा नवजात शिशु गुमाएका आमाहरूको वेदना - BBC News नेपाली,2024 बीबीसी। अन्य वेबसाइटका सामग्रीहरूका लागि बीबीसी जिम्मेवार छैन।
https://www.bbc.com/nepali/articles/cw0vkxk807ko,जीबी राई: रवि लामिछानेले मलेशियाका गृहमन्त्रीसँग के कुरा राखे? - BBC News नेपाली,नेपालले करिब एक महिना अघि नै औपचारिक पत्र पठाएर राईलाई स्वदेश फर्काइदिन गरेको आग्रहबारे मलेशियाले आइतवारसम्म कुनै औपचारिक जबाफ नदिएको नेपाली दूतावासले जनाएको छ।
https://www.bbc.com/nepali/articles/cw0vkxk807ko,जीबी राई: रवि लामिछानेले मलेशियाका गृहमन्त्रीसँग के कुरा राखे? - BBC News नेपाली,उनले विदेशी कामदारहरूको विषय र सीमापार हुने अपराधका विषयमा पनि छलफल भएको उल्लेख गरे पनि नेपालले मलेशियासँग स्वदेश फर्काइदिन आग्रह गरिरहेका जीबी राईको विषय उल्लेख गरेका छैनन्।
https://www.bbc.com/nepali/articles/cw0vkxk807ko,जीबी राई: रवि लामिछानेले मलेशियाका गृहमन्त्रीसँग के कुरा राखे? - BBC News नेपाली,"“कुराकानीमा त्यो सहित विविध विषयमा कुराकानी भए,” बीबीसीको जिज्ञासामा भट्टराईले भने।"
https://www.bbc.com/nepali/articles/cw0vkxk807ko,जीबी राई: रवि लामिछानेले मलेशियाका गृहमन्त्रीसँग के कुरा राखे? - BBC News नेपाली,तर गतसाता भएको टेलिफोन संवादबारे क्वालालम्पुर स्थित नेपाली दूतावासलाई भने जानकारी नभएको अधिकारीहरूले बताएका छन्।
https://www.bbc.com/nepali/articles/cw0vkxk807ko,जीबी राई: रवि लामिछानेले मलेशियाका गृहमन्त्रीसँग के कुरा राखे? - BBC News नेपाली,"“त्यसबारे लिखित जबाफ केही आएको छैन,” उनले भने।"
https://www.bbc.com/nepali/articles/cw0vkxk807ko,जीबी राई: रवि लामिछानेले मलेशियाका गृहमन्त्रीसँग के कुरा राखे? - BBC News नेपाली,“तर मलेशियाले यसबारे केही निर्णय हालसम्म हामीलाई दिइसकेको छैन।”
https://www.bbc.com/nepali/articles/cw0vkxk807ko,जीबी राई: रवि लामिछानेले मलेशियाका गृहमन्त्रीसँग के कुरा राखे? - BBC News नेपाली,तर मलेशियाले हालसम्म उनी आफ्नो देशमा रहे वा नरहेको आधिकारिक जानकारी समेत नेपाली पक्षलाई नदिएको बुड्थापाले बताए।
https://www.bbc.com/nepali/articles/cw0vkxk807ko,जीबी राई: रवि लामिछानेले मलेशियाका गृहमन्त्रीसँग के कुरा राखे? - BBC News नेपाली,नेपाली अधिकारीहरूसँगको कुराकानीमा मलेशियाले नेपालमा भिसा अवधि भन्दा लामो समय बसेको आरोपमा आफ्ना दुई जना नागरिकमाथि सात वर्षको जेल सजाय तोकिएको मुद्दा फिर्ता लिन आग्रह गर्दै आएको एक जना अधिकारीले बताए।
https://www.bbc.com/nepali/articles/cw0vkxk807ko,जीबी राई: रवि लामिछानेले मलेशियाका गृहमन्त्रीसँग के कुरा राखे? - BBC News नेपाली,2024 बीबीसी। अन्य वेबसाइटका सामग्रीहरूका लागि बीबीसी जिम्मेवार छैन।
https://www.bbc.com/nepali/articles/c80zxgy1jzeo,युक्रेन युद्ध: पेन्टागनले प्याट्रिअट क्षेप्यास्त्र 'तत्कालै' युक्रेन पठाउने - BBC News नेपाली,अस्टिनले एक पत्रकार सम्मेलनका क्रममा अमेरिकाले युक्रेनलाई सबैभन्दा ठूलो सुरक्षा सहयोग गरिरहेको र आवश्यक आपूर्ति तत्कालै पठाउने बताएका थिए।
https://www.bbc.com/nepali/articles/c80zxgy1jzeo,युक्रेन युद्ध: पेन्टागनले प्याट्रिअट क्षेप्यास्त्र 'तत्कालै' युक्रेन पठाउने - BBC News नेपाली,अमेरिकी सहायताले युक्रेनी फौजलाई जोगाउन सक्ला भन्नेबारे सोधिएको प्रश्नमा अस्टिनले आफूहरूको सहायताबारे प्रतिबद्धता 'तत्काल' नभई ठोस वास्तविक भएको बताए।
https://www.bbc.com/nepali/articles/c80zxgy1jzeo,युक्रेन युद्ध: पेन्टागनले प्याट्रिअट क्षेप्यास्त्र 'तत्कालै' युक्रेन पठाउने - BBC News नेपाली,2024 बीबीसी। अन्य वेबसाइटका सामग्रीहरूका लागि बीबीसी जिम्मेवार छैन।
https://www.bbc.com/nepali/topics/cdr56r0684pt,औषधि - BBC News नेपाली,2024 बीबीसी। अन्य वेबसाइटका सामग्रीहरूका लागि बीबीसी जिम्मेवार छैन।
https://www.bbc.com/nepali/articles/c97rqp0n831o,टिकटकपछि बिगो लाइभ र स्न्यापच्याटजस्ता एप पनि बन्द हुन लागेका हुन्? - BBC News नेपाली,नेपाल प्रहरीको साइबर ब्यूरोका प्रमुख नविन्द अर्यालले टिकटकपछि अरू एपहरू बन्द गर्नेबारे आफूहरूलाई कुनै जानकारी नआएको बताए।
https://www.bbc.com/nepali/articles/c97rqp0n831o,टिकटकपछि बिगो लाइभ र स्न्यापच्याटजस्ता एप पनि बन्द हुन लागेका हुन्? - BBC News नेपाली,2024 बीबीसी। अन्य वेबसाइटका सामग्रीहरूका लागि बीबीसी जिम्मेवार छैन।
https://www.bbc.com/nepali/articles/c97278ll423o,सरकारी स्वास्थ्य बिमा कार्यक्रमको सह-भुक्तानी प्रणाली के हो? अब कस्ता सेवामा तपाईँले अतिरिक्त शुल्क तिर्नुपर्छ? - BBC News नेपाली,यसैबीच बोर्डले बहिरङ्ग र आकस्मिक सेवाको शुल्क पनि घटाएको जानकारी दिएको छ। 
https://www.bbc.com/nepali/articles/c97278ll423o,सरकारी स्वास्थ्य बिमा कार्यक्रमको सह-भुक्तानी प्रणाली के हो? अब कस्ता सेवामा तपाईँले अतिरिक्त शुल्क तिर्नुपर्छ? - BBC News नेपाली,बाँकी दुई स्थानीय तहमा पनि सेवा लागु गर्ने तयारीमा आफूहरू रहेको उनले बताए।
https://www.bbc.com/nepali/articles/c97278ll423o,सरकारी स्वास्थ्य बिमा कार्यक्रमको सह-भुक्तानी प्रणाली के हो? अब कस्ता सेवामा तपाईँले अतिरिक्त शुल्क तिर्नुपर्छ? - BBC News नेपाली,2024 बीबीसी। अन्य वेबसाइटका सामग्रीहरूका लागि बीबीसी जिम्मेवार छैन।
https://www.bbc.com/nepali/articles/cn02lkp4d4mo,'मलेशियालाई गोर्खालीले लगाएको गुन सम्झाउने बेला यही हो' - BBC News नेपाली,मलेशियामा अहिले कामदारको अभाव रहेको र त्यहाँ श्रमिकहरू पठाउने एउटा प्रमुख मुलुक भएको हिसाबले मलेशियाका आन्तरिक मामिला मन्त्रीले प्राथमिकतापूर्वक नेपालको भ्रमण गरिरहेको क्वालालम्पुरस्थित नेपाली राजदूत डिल्लीराज पौडेलले बीबीसीलाई बताए।
https://www.bbc.com/nepali/articles/cn02lkp4d4mo,'मलेशियालाई गोर्खालीले लगाएको गुन सम्झाउने बेला यही हो' - BBC News नेपाली,ती पाँच क्षेत्रमा पहिलादेखि नै नेपाली कामदारहरूले काम गरिरहेको राजदूत पौडेलले बताए।
https://www.bbc.com/nepali/articles/cn02lkp4d4mo,'मलेशियालाई गोर्खालीले लगाएको गुन सम्झाउने बेला यही हो' - BBC News नेपाली,"मलेशियाका लागि नेपाली राजदूत पौडेलले सरकारले श्रम बजारमा देखिएका समस्या हल गर्न आफूले पैरवी गरिरहेको बताए। "
https://www.bbc.com/nepali/articles/cn02lkp4d4mo,'मलेशियालाई गोर्खालीले लगाएको गुन सम्झाउने बेला यही हो' - BBC News नेपाली,2024 बीबीसी। अन्य वेबसाइटका सामग्रीहरूका लागि बीबीसी जिम्मेवार छैन।
https://www.bbc.com/nepali/articles/c90z9kvl52xo,युक्रेन युद्ध: अमेरिकाले गोप्य रूपमा लामो दूरी प्रहार गर्ने क्षेप्यास्त्र किएभ पठायो - BBC News नेपाली,"“रुसी अतिक्रमणकारीले यो अवधिमा जे जति गरे पनि, पुटिनले जस्तो योजना बनाए पनि अब अघि बढ्ने हामी नै हौँ,” उनले भने।"
https://www.bbc.com/nepali/articles/c90z9kvl52xo,युक्रेन युद्ध: अमेरिकाले गोप्य रूपमा लामो दूरी प्रहार गर्ने क्षेप्यास्त्र किएभ पठायो - BBC News नेपाली,जेलेन्स्कीले हालै मात्र रुसले थप आक्रमण गर्ने योजना बनाएको ठानिएको बताएका थिए।
https://www.bbc.com/nepali/articles/c90z9kvl52xo,युक्रेन युद्ध: अमेरिकाले गोप्य रूपमा लामो दूरी प्रहार गर्ने क्षेप्यास्त्र किएभ पठायो - BBC News नेपाली,युक्रेनका अधिकारीहरूले अमेरिकासहित पश्चिमी सहयोगी देशहरूले सैन्य सहायता पठाउन गरेको ढिलाइका कारण आफ्नो देशले केही भूभाग र जनशक्ति गुमाएको आरोप लगाएका थिए।
https://www.bbc.com/nepali/articles/c90z9kvl52xo,युक्रेन युद्ध: अमेरिकाले गोप्य रूपमा लामो दूरी प्रहार गर्ने क्षेप्यास्त्र किएभ पठायो - BBC News नेपाली,2024 बीबीसी। अन्य वेबसाइटका सामग्रीहरूका लागि बीबीसी जिम्मेवार छैन।
https://www.bbc.com/nepali/articles/c4n1e41555zo,चीनमा निर्मित लागु औषधीको बाढी रोक्न किन कठिन छ - BBC News नेपाली,त्यस्ता अवैध औषधीका दशौँ हजार अनलाइन विज्ञापनहरू देखिएको प्रतिवेदनले औँल्याएको छ।
https://www.bbc.com/nepali/articles/c4n1e41555zo,चीनमा निर्मित लागु औषधीको बाढी रोक्न किन कठिन छ - BBC News नेपाली,चिनियाँ सरकारले अवैध औषधीहरूको कारोबारबारे जानकारी नरहेको निरन्तर बताउँदै आएको छ।
https://www.bbc.com/nepali/articles/c4n1e41555zo,चीनमा निर्मित लागु औषधीको बाढी रोक्न किन कठिन छ - BBC News नेपाली,सामी जस्ता धेरै मानिस त्यस्ता औषधी र तिनका परिणामबारे थाहा नपाई त्यसको कारोबारमा फस्नेरहेछन्। तर अरू कतिपयलाई आफूले बेचिरहेका उत्पादनबारे थाहा हुन्छ। 
https://www.bbc.com/nepali/articles/c4n1e41555zo,चीनमा निर्मित लागु औषधीको बाढी रोक्न किन कठिन छ - BBC News नेपाली,उनले विक्री गर्ने औषधीबारे चुनौती दिँदा उनी   नैतिक बहसमा पर्दिनन्। आफूले बेच्ने गरेका औषधी ग्राहकले कसरी प्रयोग गर्छन् भन्नेबारे आफूले कहिल्यै नसोध्ने गरेको उनी बताउँछिन्।
https://www.bbc.com/nepali/articles/c4n1e41555zo,चीनमा निर्मित लागु औषधीको बाढी रोक्न किन कठिन छ - BBC News नेपाली,औषधी तथा अपराधसम्बन्धी राष्ट्रसङ्घीय कार्यालय (यूएनओडीसी) का अनुसार चीनमा ४० हजारदेखि एक लाखको बीचमा औषधि उत्पादक कम्पनीहरू छन्।
https://www.bbc.com/nepali/articles/c4n1e41555zo,चीनमा निर्मित लागु औषधीको बाढी रोक्न किन कठिन छ - BBC News नेपाली,"“चीन एशियामा उल्लेख्य औषधी उत्पादक कम्पनी भएका देशमध्ये एउटा हो र ठूला रसायन कम्पनीहरू भएकामध्ये पनि एक हो। हामीले यो क्षेत्रका अरू देशमा पनि औषधी उद्योगको विकास देखेका छौँ,” यूएनओडीसीका तात्कालीन क्षेत्रीय प्रतिनिधि जेरेमी डग्लसले सन् २०२३ को अन्त्यतिर भने।"
https://www.bbc.com/nepali/articles/c4n1e41555zo,चीनमा निर्मित लागु औषधीको बाढी रोक्न किन कठिन छ - BBC News नेपाली,ती  लागु औषधीले मानिसको जीवन नष्ट गरिदिएको भन्ने  कुरा गर्दा एक विक्रेताले आफूलाई “बिचौलिया” भनेर चिनाइन्।
https://www.bbc.com/nepali/articles/c4n1e41555zo,चीनमा निर्मित लागु औषधीको बाढी रोक्न किन कठिन छ - BBC News नेपाली,यसैबीच अर्का एक आपूर्तिकर्ताले यूकेमा कुकुरका खानेकुरामा लुकाएर त्यस्ता औषधी तस्करी गरेको दाबी गरे।
https://www.bbc.com/nepali/articles/c4n1e41555zo,चीनमा निर्मित लागु औषधीको बाढी रोक्न किन कठिन छ - BBC News नेपाली,2024 बीबीसी। अन्य वेबसाइटका सामग्रीहरूका लागि बीबीसी जिम्मेवार छैन।
https://onlinemajdoor.com/?cat=13,स्वास्थ्य Archives - Online Majdoor," भक्तपुर, १५ वैशाख । भक्तपुर नगरपालिका वडा नं. ६ छिकोङ प्रशिक्षणको आयोजनामा शनिबार दक्षिणकालीमा एक कार्यक्रम भयो । कार्यक्रममा नेपाल मजदुर किसान पार्टीका सचिव एवं सङ्घीय सांसद प्रेम सुवालले..."
https://www.bbc.com/nepali/news-61178027,नेपाल स्वास्थ्य सेवा: लाखौँ आबद्ध स्वास्थ्य बिमा कार्यक्रम किन 'प्रभावित' हुने अवस्थामा - BBC News नेपाली,सरकारी बिमा कार्यक्रममा नेपालका ७७ जिल्लाका ५५ लाख नागरिक र ४४० स्वास्थ्य संस्था आबद्ध भइसकेका छन्।
https://www.bbc.com/nepali/news-61178027,नेपाल स्वास्थ्य सेवा: लाखौँ आबद्ध स्वास्थ्य बिमा कार्यक्रम किन 'प्रभावित' हुने अवस्थामा - BBC News नेपाली,बिमितमध्ये ४० प्रतिशतले सेवा लिने गरेको उनले जानकारी दिए। 
https://www.bbc.com/nepali/news-61178027,नेपाल स्वास्थ्य सेवा: लाखौँ आबद्ध स्वास्थ्य बिमा कार्यक्रम किन 'प्रभावित' हुने अवस्थामा - BBC News नेपाली,स्वास्थ्य बिमामा आबद्ध नागरिकहरूले बोर्डले सम्झौता गरेका देशभरिका स्वास्थ्य संस्थाबाट उक्त सुविधा लिन सक्ने अधिकारीहरूले बताएका छन्।
https://www.bbc.com/nepali/news-61178027,नेपाल स्वास्थ्य सेवा: लाखौँ आबद्ध स्वास्थ्य बिमा कार्यक्रम किन 'प्रभावित' हुने अवस्थामा - BBC News नेपाली,2024 बीबीसी। अन्य वेबसाइटका सामग्रीहरूका लागि बीबीसी जिम्मेवार छैन।
https://www.bbc.com/nepali/news-61333887,वैदेशिक रोजगार: मलेशियामा तलब बढेपछि नेपाली कामदार कस्तालाई फाइदा अनि कस्तालाई घाटा? - BBC News नेपाली,मलेशिया सरकारले उपलब्ध गराएको विवरण अनुसार त्यहाँ करिब दुई लाख नेपाली कामदार कार्यरत रहेको मलेशियास्थित नेपाली दूतावासका अधिकारीहरूले बताएका छन्। 
https://www.bbc.com/nepali/news-61333887,वैदेशिक रोजगार: मलेशियामा तलब बढेपछि नेपाली कामदार कस्तालाई फाइदा अनि कस्तालाई घाटा? - BBC News नेपाली,यद्यपि त्यहाँ अहिले पनि करिब ५० हजारको हाराहारीमा अवैध रूपमा कार्यरत नेपाली श्रमिकहरू रहेको र उनीहरूले बढेको पारिश्रमिकबाट लाभा पाउन नसक्ने देखिएको कतिपय कामदारको भनाइ छ।
https://www.bbc.com/nepali/news-61333887,वैदेशिक रोजगार: मलेशियामा तलब बढेपछि नेपाली कामदार कस्तालाई फाइदा अनि कस्तालाई घाटा? - BBC News नेपाली,मलेशियास्थित नेपाली दूतावासका श्रमसम्बन्धी कन्सुलर दीपक ढकालका अनुसार मे १ तारिखदेखि देशका अधिकांश सहरी क्षेत्रमा नयाँ पारिश्रमिक लागु भएको छ।
https://www.bbc.com/nepali/news-61333887,वैदेशिक रोजगार: मलेशियामा तलब बढेपछि नेपाली कामदार कस्तालाई फाइदा अनि कस्तालाई घाटा? - BBC News नेपाली,ढकालका अनुसार मलेशिया सरकारले न्यूनतम तलब १५ सय रिङ्गिट बनाएकाले अब त्योभन्दा कम तलब नेपालीले नपाउने बरु बढी पाउनसक्ने छन्। 
https://www.bbc.com/nepali/news-61333887,वैदेशिक रोजगार: मलेशियामा तलब बढेपछि नेपाली कामदार कस्तालाई फाइदा अनि कस्तालाई घाटा? - BBC News नेपाली,आइतवार दुई प्रतिशत र सार्वजनिक बिदाका दिन तीन प्रतिशतका हिसाबले थप काम गरेको तलब पाउने गर्छन्।
https://www.bbc.com/nepali/news-61333887,वैदेशिक रोजगार: मलेशियामा तलब बढेपछि नेपाली कामदार कस्तालाई फाइदा अनि कस्तालाई घाटा? - BBC News नेपाली,यद्यपि त्यसबारे मलेशियाले हालसम्म जवाफ दिइसकेको छैन।
https://www.bbc.com/nepali/news-61333887,वैदेशिक रोजगार: मलेशियामा तलब बढेपछि नेपाली कामदार कस्तालाई फाइदा अनि कस्तालाई घाटा? - BBC News नेपाली,नेपाल र मलेशियाबीच भएको श्रम समझदारी अनुसार बनेको संयुक्त कार्यसमूहको निकट भविष्यमा हुने बैठकमा त्यसबारे थप छलफल हुनसक्ने ढकालले जानकारी दिए। 
https://www.bbc.com/nepali/news-61333887,वैदेशिक रोजगार: मलेशियामा तलब बढेपछि नेपाली कामदार कस्तालाई फाइदा अनि कस्तालाई घाटा? - BBC News नेपाली,आगामी जुनसम्मका लागि मलेशियाले अवैध रूपमा बसेका कामदारलाई वैध बन्ने अवसर दिएकाले उक्त सङ्ख्या बढेको हुनसक्ने उनी बताउँछन्।
https://www.bbc.com/nepali/news-61333887,वैदेशिक रोजगार: मलेशियामा तलब बढेपछि नेपाली कामदार कस्तालाई फाइदा अनि कस्तालाई घाटा? - BBC News नेपाली,2024 बीबीसी। अन्य वेबसाइटका सामग्रीहरूका लागि बीबीसी जिम्मेवार छैन।
https://www.bbc.com/nepali/news-61239092,वैदेशिक रोजगार: आफ्ना कामदारबारे नेपालले मलेशियासँग राख्दैछ यी प्रस्ताव - BBC News नेपाली,हालसम्म अधिकांश अदक्ष कामदारहरू मात्र मलेशिया जाने गरेकामा अब दक्ष कामदार पठाउनका लागि उक्त बैठकमा कुरा गरिने उनले बताए। 
https://www.bbc.com/nepali/news-61239092,वैदेशिक रोजगार: आफ्ना कामदारबारे नेपालले मलेशियासँग राख्दैछ यी प्रस्ताव - BBC News नेपाली,त्यस्तै मध्येका एक हुन्- आठ वर्षदेखि मलेशियामा कार्यरत तथा हाल नेपाली कामदारका हकहितबारे काम गर्ने एक मलेशियाली गैरसरकारी संस्थासँग स्वयम्‌सेवकका रूपमा आबद्ध नवलपरासीका रमेशकुमार पञ्जियार।
https://www.bbc.com/nepali/news-61239092,वैदेशिक रोजगार: आफ्ना कामदारबारे नेपालले मलेशियासँग राख्दैछ यी प्रस्ताव - BBC News नेपाली,उक्त समझदारी अनुसार सहसचिवस्तरीय एउटा संयुक्त कार्य समूह बनेको छ। 
https://www.bbc.com/nepali/news-61239092,वैदेशिक रोजगार: आफ्ना कामदारबारे नेपालले मलेशियासँग राख्दैछ यी प्रस्ताव - BBC News नेपाली,उनका भनाइमा अनौपचारिक जानकारीका आधारमा अहिले मलेशियामा प्रति तीन दिनमा एकजना नेपाली कामदारको निधन भएको देखिन्छ। 
https://www.bbc.com/nepali/news-61239092,वैदेशिक रोजगार: आफ्ना कामदारबारे नेपालले मलेशियासँग राख्दैछ यी प्रस्ताव - BBC News नेपाली,2024 बीबीसी। अन्य वेबसाइटका सामग्रीहरूका लागि बीबीसी जिम्मेवार छैन।
https://www.bbc.com/nepali/news-61212558,"वैदेशिक रोजगार: नेपाल फर्किसकेका कामदारलाई पनि सहयोग गर्ने कोरिया, यूएई र कतारजस्ता देशको प्रस्ताव - BBC News नेपाली",नेपालमा सञ्चालन हुने कार्यक्रमका लागि कोईकाले करिब एक अर्ब रुपैयाँ नेपाली खर्चिने उक्त खबरमा उल्लेख छ।  
https://www.bbc.com/nepali/news-61212558,"वैदेशिक रोजगार: नेपाल फर्किसकेका कामदारलाई पनि सहयोग गर्ने कोरिया, यूएई र कतारजस्ता देशको प्रस्ताव - BBC News नेपाली",त्यस क्रममा पनि उक्त कार्यक्रमबारे छलफल भएको श्रेष्ठले जानकारी दिए।
https://www.bbc.com/nepali/news-61212558,"वैदेशिक रोजगार: नेपाल फर्किसकेका कामदारलाई पनि सहयोग गर्ने कोरिया, यूएई र कतारजस्ता देशको प्रस्ताव - BBC News नेपाली",उनले यस्ता तीनै किसिमका कामदारहरूलाई पुनर्स्थापना गर्न फरक  कार्यक्रम चलाउनुपर्ने आवश्यकता भएकाले आवश्यकताका आधारमा विभिन्न संस्था र देशहरूलाई अनुमति दिइने बताए। 
https://www.bbc.com/nepali/news-61212558,"वैदेशिक रोजगार: नेपाल फर्किसकेका कामदारलाई पनि सहयोग गर्ने कोरिया, यूएई र कतारजस्ता देशको प्रस्ताव - BBC News नेपाली",2024 बीबीसी। अन्य वेबसाइटका सामग्रीहरूका लागि बीबीसी जिम्मेवार छैन।
https://onlinemajdoor.com/?cat=15,सम्पादकीय Archives - Online Majdoor," संयुक्त राज्य अमेरिका आज संसारको सबभन्दा क्रूर र आक्रमक शासकहरूको राज्यको रूपमा एसिया, अफ्रिका, ल्याटिन अमेरिका र टापु देशका जनतालाई थाहा भएकै विषय हो । तर, इतिहासको एक कालखण्डमा..."
https://www.bbc.com/nepali/news-46021909,मलेसिया: अवैध कामदारप्रति कडा नीतिको सङ्केत - BBC News नेपाली,नेपाली कामदार मलेसिया जान थालेको करिब दुई दशकपछि भएको उक्त समझदारीमा हस्ताक्षर गर्न नेपाल आएका उनले अवैध आप्रवासी कामदारलाई अब तत्काल माफी नदिइने बताए। 
https://www.bbc.com/nepali/news-46021909,मलेसिया: अवैध कामदारप्रति कडा नीतिको सङ्केत - BBC News नेपाली,"तर समझदारी अनुसार अब नेपाली कामदारको सेवा, हवाइ टिकट, भिसा, सुरक्षा जाँचलगातयका शुल्कहरू रोजगारदाताले नै बेहोर्ने उल्लेख छ। "
https://www.bbc.com/nepali/news-46021909,मलेसिया: अवैध कामदारप्रति कडा नीतिको सङ्केत - BBC News नेपाली,कतिपय व्यवसायीले भने यसले नेपाली कामदारको मागमा कमी आउनसक्ने बताएका छन्। 
https://www.bbc.com/nepali/news-46021909,मलेसिया: अवैध कामदारप्रति कडा नीतिको सङ्केत - BBC News नेपाली,2024 बीबीसी। अन्य वेबसाइटका सामग्रीहरूका लागि बीबीसी जिम्मेवार छैन।
https://www.bbc.com/nepali/news-61030579,वैदेशिक रोजगारी: 'फ्रि भिसा र फ्रि टिकट' किन प्रभावकारी हुन सकेन? - BBC News नेपाली,2024 बीबीसी। अन्य वेबसाइटका सामग्रीहरूका लागि बीबीसी जिम्मेवार छैन।
https://www.bbc.com/nepali/news-45859598,मलेसियामा नेपाली कामदारको माग घट्ने चेतावनी - BBC News नेपाली,त्यसो भएमा रोजगारदाता कम्पनीहरू अन्य देशका सस्ता कामदारतिर आकर्षित हुन सक्ने सम्भावना बढ्ने र त्यसले नेपाली कामदारको श्रम बजार संकुचित हुने उनीहरू तर्क गर्छन्।
https://www.bbc.com/nepali/news-45859598,मलेसियामा नेपाली कामदारको माग घट्ने चेतावनी - BBC News नेपाली,नेपाली कामदार नठगिऊन् भनेर सरकारले थालेको कदमलाई कैयौँले प्रशंसनीय मानेका छन्। 
https://www.bbc.com/nepali/news-45859598,मलेसियामा नेपाली कामदारको माग घट्ने चेतावनी - BBC News नेपाली,2024 बीबीसी। अन्य वेबसाइटका सामग्रीहरूका लागि बीबीसी जिम्मेवार छैन।
https://www.bbc.com/nepali/news-58554036,वैदेशिक रोजगारीः कोभिड फैलिएको बेलामा पनि बाहिर जाने नेपाली 'खासै घटेनन्' - BBC News नेपाली,महामारीका बीच नेपालमा गत आर्थिक वर्ष २०७७/७८ मा झन्डै एक लाख ६६ हजार जनाले नयाँ श्रमस्वीकृति लिएको सरकारी विवरण छ। 
https://www.bbc.com/nepali/news-58554036,वैदेशिक रोजगारीः कोभिड फैलिएको बेलामा पनि बाहिर जाने नेपाली 'खासै घटेनन्' - BBC News नेपाली,माघ २०७६ मा दक्षिण एशियामै पहिलो पटक नेपालमा कोभिडको पहिलो घटना देखा परेको थियो। 
https://www.bbc.com/nepali/news-58554036,वैदेशिक रोजगारीः कोभिड फैलिएको बेलामा पनि बाहिर जाने नेपाली 'खासै घटेनन्' - BBC News नेपाली,तर त्यो आर्थिक वर्षमा एक  लाख ९० हजार नयाँ श्रमस्वीकृति लिएका थिए। 
https://www.bbc.com/nepali/news-58554036,वैदेशिक रोजगारीः कोभिड फैलिएको बेलामा पनि बाहिर जाने नेपाली 'खासै घटेनन्' - BBC News नेपाली,"""स्वीकृति दिने काम विकेन्द्रीकृत नहुँदा श्रममा जानेहरू धेरै ठगिएको थाहा भएपछि यस्तो तयारी थालिएको हो,"" निर्देशक ज्ञवालीले भने। "
https://www.bbc.com/nepali/news-58554036,वैदेशिक रोजगारीः कोभिड फैलिएको बेलामा पनि बाहिर जाने नेपाली 'खासै घटेनन्' - BBC News नेपाली,2024 बीबीसी। अन्य वेबसाइटका सामग्रीहरूका लागि बीबीसी जिम्मेवार छैन।
https://www.bbc.com/nepali/news-51639738,वैदेशिक रोजगारः नेपालले नयाँ श्रम गन्तव्य खोज्नु बाध्यता कि आवश्यकता - BBC News नेपाली,2024 बीबीसी। अन्य वेबसाइटका सामग्रीहरूका लागि बीबीसी जिम्मेवार छैन।
https://onlinemajdoor.com/?p=105426,"आलम, आगो र अत्याचार - Online Majdoor", बुझ्दै जाँदा संविधानसभा निर्वाचनमा नेपाली काङ्ग्रेसका उम्मेदवार मोहम्मद आफताब आलमको योजनाअनुसार शेख इद्रिसको छाप्रोमा बम बनाउने काम भइरहेको रहेछ । ठाउँ ठाउँमा बम विस्फोट गराएर मतदाता तर्साउने र बुथ कब्जा गर्ने आलमको योजनामा भारतबाट कामदार झिकाएर बम बनाइरहेका रहेछन् । अधिकांश भारतीय भए पनि केही कामदार भने नेपाली थिए ।
https://onlinemajdoor.com/?p=105426,"आलम, आगो र अत्याचार - Online Majdoor"," पूर्वमन्त्री आफताब आलम, उनका भाइ महताब आलम, शेखसराज र बद्री सहनीलाई जन्मकैदको फैसला सुनाएको हो । फरार रहेका मोहम्मद मोबिन, शेख फजले, शेख भदै साहिल आलम, गौरीशङ्कर साह र शेख जुमैलगायतको हकमा भने मुद्दा मुल्तबीमा राखेको छ । उनीहरू पक्राउ परेका बेला मुद्दा जगाई थप कारबाही हुनेछ ।"
https://topnepalnews.com/news/25814/,च्याम्पियनसिप ट्रफी भित्र्याउने अर्जेन्टिनाको तयारी र ब्राजिलको लक्ष्य उपाधि रक्षा - Top Nepal News,मेसीका रेकर्ड 
https://www.dainiknepal.com/2024/05/688931.html,  यस्तो छ आजको विदेशी मुद्रा विनिमय दर - Dainik Nepal ,"काठमाडौं, २४ वैशाख । नेपाल राष्ट्र बैंकले आज सोमबारका लागि विदेशी मुद्राको विनिमय दर तोकेको छ ।"
https://onlinemajdoor.com/?cat=16,विज्ञान प्रविधि Archives - Online Majdoor," भक्तपुर एउटा प्राचीन एवं ऐतिहासिक नगर हो । यहाँको कला, संस्कृति र जीवनशैलीले भक्तपुरलाई विश्वस्तरको एक आकर्षक पर्यटकीय केन्द्र बनाएको छ । सहरको भौगोलिक स्थिति, आधुनिक पूर्वाधार र जीवन्त..."
https://onlinemajdoor.com/?p=105371,उजाड साइबेरियामा कैद र निर्वासन - Online Majdoor, क्रान्तिकारी महिलाहरूले स्थानीय अधिकारीहरूलाई दबाब दिए । कैदी र रैथाने आदिवासीहरूको स्वास्थ्य उपचार गर्न स्वास्थ्य केन्द्र तथा पाठशालाहरू स्थापना गर्न सक्रिय भूमिका खेले । ती महिलाहरू डिसेम्बरवादीहरूको निम्ति बाँच्ने भौतिक र नैतिक आडभरोसा साबित भए ।
https://www.dainiknepal.com/2024/05/688841.html,  मुख्यमन्त्री सोडारीको विश्वासको मत थप अन्योलमा - Dainik Nepal ,"काठमाडौं, २३ बैशाख । सुदूरपश्चिमका मुख्यमन्त्री दिर्घबहादुर सोडारीले विश्वासको मत लिने विषय थप अन्योलमा परेको छ ।"
https://topnepalnews.com/news/41643/,आईपीएल क्रिकेटमा हैदराबादले राजस्थानलाई १ रनले हरायो - Top Nepal News,आईपीएलमा आज राति पाैने ८ बजे दाेस्राे स्थानमा रहेकाे काेलकाता नाइट राइडर्स र नवाैँ स्थानमा रहेकाे मुम्बई इन्डियन्स खेल्दैछन् । याे खेल मुम्बईकाे वानखेडे स्टेडियममा हुनेछ ।
https://www.dainiknepal.com/2024/05/688697.html,  एमालेले सरकार छोडेपछि देश लथालिङ्ग भयो : अध्यक्ष ओली - Dainik Nepal ,"काठमाडौं, २२ वैशाख । नेकपा (एमाले)का अध्यक्ष केपी शर्मा ओलीले आफूले सरकारको नेतृत्व छाडेपछि देशको अर्थतन्त्र ध्वस्त भएको बताउनुभएको छ ।"
https://onlinemajdoor.com/?p=102992,"तुमचो, दुगुरे र चोखा आवास क्षेत्रमा ठेगाना प्रणालीबारे जानकारी - Online Majdoor","भक्तपुर एउटा प्राचीन एवं ऐतिहासिक नगर हो । यहाँको कला, संस्कृति र जीवनशैलीले भक्तपुरलाई विश्वस्तरको एक आकर्षक पर्यटकीय केन्द्र बनाएको छ । सहरको भौगोलिक स्थिति, आधुनिक पूर्वाधार र जीवन्त राजनीतिक, आर्थिक तथा सामाजिक संरचनाहरूले यसलाई एक आदर्श सहर बनाएको छ ।"
https://onlinemajdoor.com/?p=105407,जनतालाई शिक्षित पार्नु जनताका कार्यकर्ताको कर्तव्य - Online Majdoor," कार्यक्रममा नेमकिपाका सचिव एवं सङ्घीय सांसद प्रेम सुवालले पार्टीको सिद्धान्त, विचार र कार्यक्रम जनताबिच पु¥याउने काम कार्यकर्ताको भएकोले आफूले सिके–जानेको ज्ञान जनतामाझ पु¥याउनु कार्यकर्ताको कर्तव्य हो भन्नुभयो ।"
https://onlinemajdoor.com/?cat=9,अर्थ / वाणिज्य Archives - Online Majdoor," भक्तपुर, ६ कार्तिक । श्रमिक बचत तथा ऋण सहकारी संस्था लि. को १९ औँ वार्षिक साधारण सभा नेपाल मजदुर किसान पार्टीका वैकल्पिक केन्द्रीय सदस्य एवं नेपाल क्रान्तिकारी मजदुर सङ्घका केन्द्रीय..."
https://onlinemajdoor.com/?p=104787,काठमाडौँ उपत्यका खानेपानी व्यवस्थापन बोर्डको १९ औँ वार्षिकोत्सव सम्पन्न - Online Majdoor," कार्यक्रममा प्रमुख अतिथि राई, विशेष अतिथि आचार्य र सभापति प्रजापतिले बोर्डको वार्षिक प्रगति प्रतिवेदन, Ground Water in Kathmandu Valley Status Challenges and Opportunities / Stone Spouts and Ponds of Kathmandu Valley Status Mapping-2024 (Second Edition) पुस्तकहरू संयुक्तरूपमा विमोचन गर्नुभएको थियो । मन्त्री राईले आजैबाट बानेश्वरस्थित Water ATM बाट रु १०।– मा २० लिटरको जार भर्ने कार्यको शुभारम्भ QR मार्पmत गर्नुभयो ।"
https://onlinemajdoor.com/?p=103002,"शान्तिका लागि वार्ता प्रयास जारी रहँदा गाजामा सयौँको मृत्यु, इजरायली प्रतिनिधिमण्डल पेरिसमा - Online Majdoor"," बार्निया र सीआईएका उहाँका अमेरिकी समकक्षीले गत नोभेम्बरमा एक साता लामो युद्धविराम वार्तामा सहयोग गरेका थिए, जसमा इजरायली जेलमा रहेका २४० प्यालेस्टिनी कैदीको बदलामा ८० जना इजरायली बन्धकलाई रिहा गरिएको थियो ।"
https://onlinemajdoor.com/?p=105385,मल्ल (प्रधानाङ्ग) प्रतिष्ठानको २५ औँ वार्षिक साधारणसभा सम्पन्न - Online Majdoor, कार्यक्रमका सभापति एवं आयोजक समितिका अध्यक्ष डा. माधवसुन्दर मल्लले आफ्नो कार्यकालमा भएको गतिविधिबारे जानकारी दिनुभयो ।
https://onlinemajdoor.com/?cat=19,चुनाव विशेष Archives - Online Majdoor," इलाम, ८ वैशाख । वैशाख १५ गते इलाम क्षेत्र नं. २ मा हुन गइरहेको उपनिर्वाचनमा नेपाल मजदुर किसान पार्टीको उम्मेदवार श्यामबहादुर दर्जी (हिमाल) लाई अत्यधिक मतले विजय गराउनको लागि..."
https://onlinemajdoor.com/?p=89320,“सहकारी बैङ्क तथा वित्तीय संस्थाको रूपमा मात्र सञ्चालन हुनुहुँदैन” - Online Majdoor," सांसद सुवालले भन्नुभयो, “सहकारी माफिया, बैङ्क माफिया, शेयर माफिया, मेडिकल माफियाहरूले सिंहदरबार कब्जा गरेसम्म नेपाली जनतालाई सुख हुनेछैन ।”"
https://onlinemajdoor.com/?p=89320,“सहकारी बैङ्क तथा वित्तीय संस्थाको रूपमा मात्र सञ्चालन हुनुहुँदैन” - Online Majdoor," क्षे.नं. ५ र ६ को संयुक्त साधारणसभाका अतिथि एवं भनपा नगर प्रमुख सुनिल प्रजापतिले सहकारी संस्थाहरूले सहकारीको आफ्नै मूल्य, मान्यता र सिद्धान्तको आधारमा सबै सदस्यहरूको हितमा काम गर्न जरूरी रहेको उल्लेख गर्नुभयो ।"
https://onlinemajdoor.com/?p=105333,सैनिक विद्रोहका गैरसैनिक अगुवा - Online Majdoor, धेरै क्रान्तिकारी नेताहरूभन्दा फरक रिलेयेभ धनी परिवारबाट आएका थिएनन् । उनी सैनिक अधिकारी थिएनन् । कनिष्ठ सैनिक अधिकारीको रूपमा नेपोलियनविरोधी युद्धमा सहभागी भए पनि उनले केही वर्षमै सेनाबाट बिदा लिएका थिए ।
https://onlinemajdoor.com/?p=104776,अमेरिकी प्रजातन्त्रको सीमा र कमजोरी - Online Majdoor," संरा अमेरिकाले लामो समयदेखि प्रणालीगतरूपमै अमेरिकी आदिवासी जनता (रेड इन्डियन) लाई दबाउने, बहिष्कार गर्ने र सांस्कृतिक सम्मिश्रण गर्ने गर्दै आएको छ । सन् १७८७ को संरा अमेरिकी संविधानले आदिवासी जनतालाई नागरिक मानेको छैन ।"
https://onlinemajdoor.com/?p=103005,खर्चबारे पहिले नै सोच्नुपर्ने हो कि ? - Online Majdoor, आफ्नै खुट्टामा उभिने बजेट प्रदेशले कल्पना गरेको भए सायद यो अप्ठेरोमा पर्ने थिएन । प्रदेश सरकारहरू बनाउनुभन्दा पहिले प्रदेश सरकारका दाबेदार प्रदेशसभाका सदस्यहरू र सम्बन्धित राजनीतिक दलहरूले सङ्घीय सरकारले लाचारी देखाए पनि आ–आफ्नो आयस्रोतमै भर परी प्रदेशलाई अगाडि लानेबारे बढी समय खर्चेको भए सम्भवतः यो सकसमा पर्ने थिएन ।
https://onlinemajdoor.com/?p=104267,शासक दलका नेताहरूले जनतालाई मूर्ख बनाउने खेल रोक्नुपर्ने - Online Majdoor, नेपाल मजदुर किसान पार्टीका केन्द्रीय सदस्य एवं वाग्मती प्रदेशसभा संसदीय दलका नेता सुरेन्द्रराज गोसाईले सोमबार बसेको प्रदेशसभाको बैठकमा शासक दलका नेताहरूले जनतालाई मूर्ख र उल्लु बनाउने काम पटक पटक भइरहेकोले अबका दिनमा यसलाई रोक्नुपर्ने बताउनुभयो ।
https://onlinemajdoor.com/?p=105329,हमासभन्दा इजरायलसँग बढी बन्धक छन् - Online Majdoor," आशा गरौँ, निकट भविष्यमै सबै बन्धकहरूले घर फर्किन पाऊन् ।"
https://onlinemajdoor.com/?p=103007,दोस्रो/तेस्रो अध्याय समाजवादी समाजबाट साम्यवादी समाजमा सङ्क्रमण - Online Majdoor, कम्युनको स्थापनापछि धेरै महिलाहरूले काम पाए । तिनीहरू पहिले बेरोजगार थिए ।
https://onlinemajdoor.com/?p=104988,धर्मभक्त अङ्ग प्रत्यारोपण स्थापनाको बा¥ह वर्ष - Online Majdoor, कार्यक्रममा क्षेत्र नं. २ का सांसद दुर्लभ थापाले आफूलाई दायलासिस समयमा गर्न नपाएको गुनासो आएको बताउनुभयो ।
https://onlinemajdoor.com/?p=103680,अरुण तेस्रोको ७० प्रतिशत काम सकियो - Online Majdoor, परियोजनाले व्यावसायिक उत्पादन गर्न थालेको एक वर्षभित्र स्थानीयलाई शेयर दिने पीडीएमा उल्लेख गरिएको छ । पीडीएअनुसार परियोजनाबाट रु. एक अर्ब ६० करोड स्थानीयलाई शेयर दिइने छ ।
https://onlinemajdoor.com/?p=102981,महिला स्वास्थ्य र शिक्षा क्षेत्रमा आमा समूहको ध्यान केन्द्रित हुनुपर्ने - Online Majdoor, नेमकिपाका केन्द्रीय सदस्य एवं भनपा वडा नं. ७ का वडाध्यक्ष उकेश कवांले भक्तपुर नेपालकै सबभन्दा उदाहरणीय सहर बनेको बताउनुभयो ।
https://onlinemajdoor.com/?p=102981,महिला स्वास्थ्य र शिक्षा क्षेत्रमा आमा समूहको ध्यान केन्द्रित हुनुपर्ने - Online Majdoor, नेमकिपा भनपा वडा नं. ७ एकाइ समितिका अध्यक्ष बलराम गोसाईले नेमकिपाले नेपालको राजनीतिमा प्रकाशस्तम्भको रूपमा काम गरेको बताउनुभयो ।
https://onlinemajdoor.com/?p=103010,महाकाली सन्धिको कालो रूप - Online Majdoor,दुवै देशलाई लगानीको बाँडफाट :
https://www.bbc.com/nepali/articles/c72p0j914d6o,प्राची निगम : ५० लाख विद्यार्थीलाई पछि पारे पनि किन 'ट्रोल' - BBC News नेपाली,तर कतिपयले उनलाई शारीरिक रूपका कारण गिज्याउँदै अश्लील टिप्पणी पनि गरे।
https://www.bbc.com/nepali/articles/c72p0j914d6o,प्राची निगम : ५० लाख विद्यार्थीलाई पछि पारे पनि किन 'ट्रोल' - BBC News नेपाली,2024 बीबीसी। अन्य वेबसाइटका सामग्रीहरूका लागि बीबीसी जिम्मेवार छैन।
https://www.bbc.com/nepali/articles/cd1dx314w8zo,भारतीयको मुटु नि:शुल्क पाएकी पाकिस्तानी आयशा - BBC News नेपाली,आयशा रशीद सात वर्षकी हुँदा उनको मुटुको २५ प्रतिशत हिस्सा खराब भइसकेको थियो।
https://www.bbc.com/nepali/articles/cd1dx314w8zo,भारतीयको मुटु नि:शुल्क पाएकी पाकिस्तानी आयशा - BBC News नेपाली,2024 बीबीसी। अन्य वेबसाइटका सामग्रीहरूका लागि बीबीसी जिम्मेवार छैन।
https://www.bbc.com/nepali/articles/cne9lxrj2v9o,कफी: कहाँबाट आयो? कफीले हाम्रो शरीरमा कस्तो प्रभाव पर्छ? - BBC News नेपाली,आधुनिक विश्वको बौद्धिक र सांस्कृतिक जग बसाल्नमा भूमिका रहेको मानिने कफी इथिओपिआको रैथाने कफिया अरेबिका नामको वनस्पतिको फलबाट बन्छ। 
https://www.bbc.com/nepali/articles/cne9lxrj2v9o,कफी: कहाँबाट आयो? कफीले हाम्रो शरीरमा कस्तो प्रभाव पर्छ? - BBC News नेपाली,2024 बीबीसी। अन्य वेबसाइटका सामग्रीहरूका लागि बीबीसी जिम्मेवार छैन।
https://www.bbc.com/nepali/articles/ckv735w0zgzo,किम जङ अन: प्रचारबाजी गर्न उत्तर कोरियाले बनाएको नयाँ भिडिओ कस्तो छ - BBC News नेपाली,2024 बीबीसी। अन्य वेबसाइटका सामग्रीहरूका लागि बीबीसी जिम्मेवार छैन।
https://www.bbc.com/nepali/articles/c87zp6rrryko,"'मेरो शरीर, मेरो इच्छा': शरीरभरि 'यन्त्र' ट्याटू खोपेका थाई महिला  - BBC News नेपाली",2024 बीबीसी। अन्य वेबसाइटका सामग्रीहरूका लागि बीबीसी जिम्मेवार छैन।
https://www.bbc.com/nepali/articles/c72pll7pm5po,लन्डनः सेनाका पाँच घोडा जब घोडचढीलाई खसालेर व्यस्त सडकमा कुद्न थाले - BBC News नेपाली,यो घटनामा कम्तीमा चार जना घाइते भए। 
https://www.bbc.com/nepali/articles/c72pll7pm5po,लन्डनः सेनाका पाँच घोडा जब घोडचढीलाई खसालेर व्यस्त सडकमा कुद्न थाले - BBC News नेपाली,बकिङ्गम दरबारनजिकै निर्माणको काम भइरहेको ठाउँबाट आएको आवाजका कारण घोडाहरू बिच्किएको ठानिएको छ। तिनले घोडचढी पनि खसालिदिएका थिए। 
https://www.bbc.com/nepali/articles/c72pll7pm5po,लन्डनः सेनाका पाँच घोडा जब घोडचढीलाई खसालेर व्यस्त सडकमा कुद्न थाले - BBC News नेपाली,2024 बीबीसी। अन्य वेबसाइटका सामग्रीहरूका लागि बीबीसी जिम्मेवार छैन।
https://www.bbc.com/nepali/articles/c296054d01lo,सुगन्ध भएको यो बिरुवाको पात के 'टोइलट पेपर'को विकल्प बन्न सक्छ - BBC News नेपाली,2024 बीबीसी। अन्य वेबसाइटका सामग्रीहरूका लागि बीबीसी जिम्मेवार छैन।
https://www.bbc.com/nepali/articles/c51n4jzx1rqo,भूकम्प: के नेपाल अर्को ठूलो विपत्ति थेग्न तयार छ? - BBC News नेपाली,2024 बीबीसी। अन्य वेबसाइटका सामग्रीहरूका लागि बीबीसी जिम्मेवार छैन।
https://www.bbc.com/nepali/articles/c72pe2pdyggo,इन्डोनेशिया ज्वालामुखी विस्फोटनः चट्याङ अनि ३ किमि अग्लो लाभा र खरानीको मुस्लो - BBC News नेपाली,2024 बीबीसी। अन्य वेबसाइटका सामग्रीहरूका लागि बीबीसी जिम्मेवार छैन।
https://www.bbc.com/nepali/articles/c1rv034n8yno,खाडीमा बाढी र डुबान : ७५ वर्षयताको ठूलो वर्षापछिको दृश्य - BBC News नेपाली,2024 बीबीसी। अन्य वेबसाइटका सामग्रीहरूका लागि बीबीसी जिम्मेवार छैन।
https://www.bbc.com/nepali/articles/c72p0j914d6o,प्राची निगम : ५० लाख विद्यार्थीलाई पछि पारे पनि किन 'ट्रोल' - BBC News नेपाली,तर कतिपयले उनलाई शारीरिक रूपका कारण गिज्याउँदै अश्लील टिप्पणी पनि गरे।
https://www.bbc.com/nepali/articles/c72p0j914d6o,प्राची निगम : ५० लाख विद्यार्थीलाई पछि पारे पनि किन 'ट्रोल' - BBC News नेपाली,2024 बीबीसी। अन्य वेबसाइटका सामग्रीहरूका लागि बीबीसी जिम्मेवार छैन।
https://www.bbc.com/nepali,मुख पृष्ठ - BBC News नेपाली,सुर्खेत र जुम्लामा बाहेक कर्णालीका अरू जिल्लामा शिशुका लागि आवश्यक एनआईसीयू सेवा नै उपलब्ध छैन।
https://www.bbc.com/nepali,मुख पृष्ठ - BBC News नेपाली,नेपालले करिब एक महिना अघि नै औपचारिक पत्र पठाएर जीबी राईलाई स्वदेश फर्काइदिन गरेको आग्रहबारे मलेशियाले कुनै औपचारिक जबाफ दिएको छैन।
https://www.bbc.com/nepali,मुख पृष्ठ - BBC News नेपाली,2024 बीबीसी। अन्य वेबसाइटका सामग्रीहरूका लागि बीबीसी जिम्मेवार छैन।
http://nepalipost.com/beta/,नेपालीपोष्ट – Nepali news site.,नेपाली पोष्ट डटकम
https://topnepalnews.com/,Home Page - Top Nepal News," 
                                    काठमाडौँ । ताइवानको पूर्वी तटीय क्षेत्रमा…                                       "
https://topnepalnews.com/,Home Page - Top Nepal News,"
                                    काठमाडौँ । रियल मड्रिडले ३६औं पटक…  
                                      "
https://www.bbc.com/nepali,मुख पृष्ठ - BBC News नेपाली,सुर्खेत र जुम्लामा बाहेक कर्णालीका अरू जिल्लामा शिशुका लागि आवश्यक एनआईसीयू सेवा नै उपलब्ध छैन।
https://www.bbc.com/nepali,मुख पृष्ठ - BBC News नेपाली,नेपालले करिब एक महिना अघि नै औपचारिक पत्र पठाएर जीबी राईलाई स्वदेश फर्काइदिन गरेको आग्रहबारे मलेशियाले कुनै औपचारिक जबाफ दिएको छैन।
https://www.bbc.com/nepali,मुख पृष्ठ - BBC News नेपाली,2024 बीबीसी। अन्य वेबसाइटका सामग्रीहरूका लागि बीबीसी जिम्मेवार छैन।
https://www.bbc.com/nepali,मुख पृष्ठ - BBC News नेपाली,सुर्खेत र जुम्लामा बाहेक कर्णालीका अरू जिल्लामा शिशुका लागि आवश्यक एनआईसीयू सेवा नै उपलब्ध छैन।
https://www.bbc.com/nepali,मुख पृष्ठ - BBC News नेपाली,नेपालले करिब एक महिना अघि नै औपचारिक पत्र पठाएर जीबी राईलाई स्वदेश फर्काइदिन गरेको आग्रहबारे मलेशियाले कुनै औपचारिक जबाफ दिएको छैन।
https://www.bbc.com/nepali,मुख पृष्ठ - BBC News नेपाली,2024 बीबीसी। अन्य वेबसाइटका सामग्रीहरूका लागि बीबीसी जिम्मेवार छैन।
http://nepalipost.com/beta/,नेपालीपोष्ट – Nepali news site.,नेपाली पोष्ट डटकम
https://topnepalnews.com/,Home Page - Top Nepal News," 
                                    काठमाडौँ । ताइवानको पूर्वी तटीय क्षेत्रमा…                                       "
https://topnepalnews.com/,Home Page - Top Nepal News,"
                                    काठमाडौँ । रियल मड्रिडले ३६औं पटक…  
                                      "
https://www.bbc.com/nepali,मुख पृष्ठ - BBC News नेपाली,सुर्खेत र जुम्लामा बाहेक कर्णालीका अरू जिल्लामा शिशुका लागि आवश्यक एनआईसीयू सेवा नै उपलब्ध छैन।
https://www.bbc.com/nepali,मुख पृष्ठ - BBC News नेपाली,नेपालले करिब एक महिना अघि नै औपचारिक पत्र पठाएर जीबी राईलाई स्वदेश फर्काइदिन गरेको आग्रहबारे मलेशियाले कुनै औपचारिक जबाफ दिएको छैन।
https://www.bbc.com/nepali,मुख पृष्ठ - BBC News नेपाली,2024 बीबीसी। अन्य वेबसाइटका सामग्रीहरूका लागि बीबीसी जिम्मेवार छैन।
https://www.bbc.com/nepali/bbc_nepali_radio/programmes/p0340xzv,सांझपख - सांझपख - Nepali - BBC News नेपाली,बीबीसी नेपाली सेवाको हरेक दिन बेलुकी पौने नौ बजे प्रसारण हुने कार्यक्रम
https://www.bbc.com/nepali/bbc_nepali_radio/programmes/p0340xzv,सांझपख - सांझपख - Nepali - BBC News नेपाली,2024 बीबीसी। अन्य वेबसाइटका सामग्रीहरूका लागि बीबीसी जिम्मेवार छैन।
https://www.bbc.com/nepali/topics/cw9kv027nwnt,भिडियो - BBC News नेपाली,2024 बीबीसी। अन्य वेबसाइटका सामग्रीहरूका लागि बीबीसी जिम्मेवार छैन।
https://www.bbc.com/nepali/articles/ce43w3rd1pdo,रुस-युक्रेन युद्ध: रुसमाथि कस्ता प्रतिबन्ध छन् र के त्यसले रुसको अर्थतन्त्रमा धक्का लागेको छ?  - BBC News नेपाली,2024 बीबीसी। अन्य वेबसाइटका सामग्रीहरूका लागि बीबीसी जिम्मेवार छैन।
https://www.bbc.com/nepali/articles/czrxwryng8lo,जङ्गली ओराङउटान जसले आफ्नो घाउ आफैले निको पार्‍यो - BBC News नेपाली,2024 बीबीसी। अन्य वेबसाइटका सामग्रीहरूका लागि बीबीसी जिम्मेवार छैन।
http://nepalipost.com/beta/,नेपालीपोष्ट – Nepali news site.,नेपाली पोष्ट डटकम
https://www.bbc.com/nepali/articles/cw941gqpgnlo,कर्णालीः उपचार नपाउँदा नवजात शिशु गुमाएका आमाहरूको वेदना - BBC News नेपाली,बालरोग विशेषज्ञ डा.अनिता दाहाल एसएनसीयू वा एनआईसीयूमा राखेर उपचार गरेको भए दुर्गाका शिशुहरूलाई बचाउन सकिने बताउँछिन्।
https://www.bbc.com/nepali/articles/cw941gqpgnlo,कर्णालीः उपचार नपाउँदा नवजात शिशु गुमाएका आमाहरूको वेदना - BBC News नेपाली,सुर्खेत र जुम्लामा बाहेक कर्णालीका अरू जिल्लामा शिशुका लागि आवश्यक एनआईसीयू सेवा उपलब्ध छैन।
https://www.bbc.com/nepali/articles/cw941gqpgnlo,कर्णालीः उपचार नपाउँदा नवजात शिशु गुमाएका आमाहरूको वेदना - BBC News नेपाली,त्यसैले ती अस्पतालहरू एसएनसीयू र एनआईसीयू सेवा चाहिने शिशुलाई तुरुन्तै अन्यत्र रेफर गर्नुबाहेक अरू विकल्प नभएको बताउँछन्।
https://www.bbc.com/nepali/articles/cw941gqpgnlo,कर्णालीः उपचार नपाउँदा नवजात शिशु गुमाएका आमाहरूको वेदना - BBC News नेपाली,2024 बीबीसी। अन्य वेबसाइटका सामग्रीहरूका लागि बीबीसी जिम्मेवार छैन।
https://www.bbc.com/nepali/bbc_nepali_radio/w172zqy8bygvllj,सांझपख - सांझपख - Nepali - BBC News नेपाली,बीबीसी नेपाली सेवाको हरेक दिन बेलुकी पौने नौ बजे प्रसारण हुने कार्यक्रम
https://www.bbc.com/nepali/bbc_nepali_radio/w172zqy8bygvllj,सांझपख - सांझपख - Nepali - BBC News नेपाली,2024 बीबीसी। अन्य वेबसाइटका सामग्रीहरूका लागि बीबीसी जिम्मेवार छैन।
https://www.bbc.com/nepali/topics/cdr56r0684pt,औषधि - BBC News नेपाली,2024 बीबीसी। अन्य वेबसाइटका सामग्रीहरूका लागि बीबीसी जिम्मेवार छैन।
https://www.bbc.com/nepali/articles/c97278ll423o,सरकारी स्वास्थ्य बिमा कार्यक्रमको सह-भुक्तानी प्रणाली के हो? अब कस्ता सेवामा तपाईँले अतिरिक्त शुल्क तिर्नुपर्छ? - BBC News नेपाली,यसैबीच बोर्डले बहिरङ्ग र आकस्मिक सेवाको शुल्क पनि घटाएको जानकारी दिएको छ। 
https://www.bbc.com/nepali/articles/c97278ll423o,सरकारी स्वास्थ्य बिमा कार्यक्रमको सह-भुक्तानी प्रणाली के हो? अब कस्ता सेवामा तपाईँले अतिरिक्त शुल्क तिर्नुपर्छ? - BBC News नेपाली,बाँकी दुई स्थानीय तहमा पनि सेवा लागु गर्ने तयारीमा आफूहरू रहेको उनले बताए।
https://www.bbc.com/nepali/articles/c97278ll423o,सरकारी स्वास्थ्य बिमा कार्यक्रमको सह-भुक्तानी प्रणाली के हो? अब कस्ता सेवामा तपाईँले अतिरिक्त शुल्क तिर्नुपर्छ? - BBC News नेपाली,2024 बीबीसी। अन्य वेबसाइटका सामग्रीहरूका लागि बीबीसी जिम्मेवार छैन।
https://www.bbc.com/nepali/articles/cxez3002301o,दुर्गा प्रसाई: बी एन्ड सी मेडिकल कलेजले तत्काल सञ्चालनको अनुमति पाउनेमा आशङ्का किन - BBC News नेपाली,उनले अदालतको आदेश प्राप्त भएपछि आयोगले ऐनअनुसार निर्णय लिने बताए।
https://www.bbc.com/nepali/articles/cxez3002301o,दुर्गा प्रसाई: बी एन्ड सी मेडिकल कलेजले तत्काल सञ्चालनको अनुमति पाउनेमा आशङ्का किन - BBC News नेपाली,भौतिक संरचनासहितका अन्य मापदण्ड भने बी एन्ड सीले पूरा गरेको देखिएको अधिकारीहरू बताउँछन्।
https://www.bbc.com/nepali/articles/cxez3002301o,दुर्गा प्रसाई: बी एन्ड सी मेडिकल कलेजले तत्काल सञ्चालनको अनुमति पाउनेमा आशङ्का किन - BBC News नेपाली,एमबीबीएस अध्यापनका लागि आशयपत्र लिएका बी एन्ड सीजस्तै अन्य १३ वटा मेडिकल कलेजले बी एन्ड सीले अनुमति पाए थप कलेजहरूलाई पनि त्यही नजिरका आधारमा सञ्चालन अनुमति मिल्ने अपेक्षा राखेको एसोसिएशन अफ मेडिकल कलेज एन्ड डेन्टल कलेज अफ नेपालका अध्यक्ष ज्ञानेन्द्रमान सिंह कार्की बताउँछन्।
https://www.bbc.com/nepali/articles/cxez3002301o,दुर्गा प्रसाई: बी एन्ड सी मेडिकल कलेजले तत्काल सञ्चालनको अनुमति पाउनेमा आशङ्का किन - BBC News नेपाली,अहिले डेढ दर्जन मेडिकल कलेजले एमबीबीएस कक्षा सञ्चालन गरिरहेका छन्। भौतिक संरचना बनाएर पनि अनुमति नपाएका कलेजहरूलाई सञ्चालनको बाटो खुल्ने ठानिएको कार्की बताउँछन्।
https://www.bbc.com/nepali/articles/cxez3002301o,दुर्गा प्रसाई: बी एन्ड सी मेडिकल कलेजले तत्काल सञ्चालनको अनुमति पाउनेमा आशङ्का किन - BBC News नेपाली,चिकित्सा शिक्षामा भर्नाको विषयलाई लिएर निजी मेडिकल कलेज सञ्चालक र सरकारबीच पटकपटक विवाद हुँदै आएको छ।
https://www.bbc.com/nepali/articles/cxez3002301o,दुर्गा प्रसाई: बी एन्ड सी मेडिकल कलेजले तत्काल सञ्चालनको अनुमति पाउनेमा आशङ्का किन - BBC News नेपाली,2024 बीबीसी। अन्य वेबसाइटका सामग्रीहरूका लागि बीबीसी जिम्मेवार छैन।
https://www.bbc.com/nepali/articles/c4n1e41555zo,चीनमा निर्मित लागु औषधीको बाढी रोक्न किन कठिन छ - BBC News नेपाली,त्यस्ता अवैध औषधीका दशौँ हजार अनलाइन विज्ञापनहरू देखिएको प्रतिवेदनले औँल्याएको छ।
https://www.bbc.com/nepali/articles/c4n1e41555zo,चीनमा निर्मित लागु औषधीको बाढी रोक्न किन कठिन छ - BBC News नेपाली,चिनियाँ सरकारले अवैध औषधीहरूको कारोबारबारे जानकारी नरहेको निरन्तर बताउँदै आएको छ।
https://www.bbc.com/nepali/articles/c4n1e41555zo,चीनमा निर्मित लागु औषधीको बाढी रोक्न किन कठिन छ - BBC News नेपाली,सामी जस्ता धेरै मानिस त्यस्ता औषधी र तिनका परिणामबारे थाहा नपाई त्यसको कारोबारमा फस्नेरहेछन्। तर अरू कतिपयलाई आफूले बेचिरहेका उत्पादनबारे थाहा हुन्छ। 
https://www.bbc.com/nepali/articles/c4n1e41555zo,चीनमा निर्मित लागु औषधीको बाढी रोक्न किन कठिन छ - BBC News नेपाली,उनले विक्री गर्ने औषधीबारे चुनौती दिँदा उनी   नैतिक बहसमा पर्दिनन्। आफूले बेच्ने गरेका औषधी ग्राहकले कसरी प्रयोग गर्छन् भन्नेबारे आफूले कहिल्यै नसोध्ने गरेको उनी बताउँछिन्।
https://www.bbc.com/nepali/articles/c4n1e41555zo,चीनमा निर्मित लागु औषधीको बाढी रोक्न किन कठिन छ - BBC News नेपाली,औषधी तथा अपराधसम्बन्धी राष्ट्रसङ्घीय कार्यालय (यूएनओडीसी) का अनुसार चीनमा ४० हजारदेखि एक लाखको बीचमा औषधि उत्पादक कम्पनीहरू छन्।
https://www.bbc.com/nepali/articles/c4n1e41555zo,चीनमा निर्मित लागु औषधीको बाढी रोक्न किन कठिन छ - BBC News नेपाली,"“चीन एशियामा उल्लेख्य औषधी उत्पादक कम्पनी भएका देशमध्ये एउटा हो र ठूला रसायन कम्पनीहरू भएकामध्ये पनि एक हो। हामीले यो क्षेत्रका अरू देशमा पनि औषधी उद्योगको विकास देखेका छौँ,” यूएनओडीसीका तात्कालीन क्षेत्रीय प्रतिनिधि जेरेमी डग्लसले सन् २०२३ को अन्त्यतिर भने।"
https://www.bbc.com/nepali/articles/c4n1e41555zo,चीनमा निर्मित लागु औषधीको बाढी रोक्न किन कठिन छ - BBC News नेपाली,ती  लागु औषधीले मानिसको जीवन नष्ट गरिदिएको भन्ने  कुरा गर्दा एक विक्रेताले आफूलाई “बिचौलिया” भनेर चिनाइन्।
https://www.bbc.com/nepali/articles/c4n1e41555zo,चीनमा निर्मित लागु औषधीको बाढी रोक्न किन कठिन छ - BBC News नेपाली,यसैबीच अर्का एक आपूर्तिकर्ताले यूकेमा कुकुरका खानेकुरामा लुकाएर त्यस्ता औषधी तस्करी गरेको दाबी गरे।
https://www.bbc.com/nepali/articles/c4n1e41555zo,चीनमा निर्मित लागु औषधीको बाढी रोक्न किन कठिन छ - BBC News नेपाली,2024 बीबीसी। अन्य वेबसाइटका सामग्रीहरूका लागि बीबीसी जिम्मेवार छैन।
https://www.bbc.com/nepali/articles/cp04598350no,पोल एलेक्जान्डर : 'आइरन लङ' के हो र यसले कसरी काम गर्छ - BBC News नेपाली,सात दशकसम्म 'आइरन लङ' नामक विशेष उपकरणमा बसेर जीवन बिताएका एक व्यक्तिको हालै मृत्यु भएको छ।
https://www.bbc.com/nepali/articles/cp04598350no,पोल एलेक्जान्डर : 'आइरन लङ' के हो र यसले कसरी काम गर्छ - BBC News नेपाली,2024 बीबीसी। अन्य वेबसाइटका सामग्रीहरूका लागि बीबीसी जिम्मेवार छैन।
https://www.bbc.com/nepali/news-61178027,नेपाल स्वास्थ्य सेवा: लाखौँ आबद्ध स्वास्थ्य बिमा कार्यक्रम किन 'प्रभावित' हुने अवस्थामा - BBC News नेपाली,सरकारी बिमा कार्यक्रममा नेपालका ७७ जिल्लाका ५५ लाख नागरिक र ४४० स्वास्थ्य संस्था आबद्ध भइसकेका छन्।
https://www.bbc.com/nepali/news-61178027,नेपाल स्वास्थ्य सेवा: लाखौँ आबद्ध स्वास्थ्य बिमा कार्यक्रम किन 'प्रभावित' हुने अवस्थामा - BBC News नेपाली,बिमितमध्ये ४० प्रतिशतले सेवा लिने गरेको उनले जानकारी दिए। 
https://www.bbc.com/nepali/news-61178027,नेपाल स्वास्थ्य सेवा: लाखौँ आबद्ध स्वास्थ्य बिमा कार्यक्रम किन 'प्रभावित' हुने अवस्थामा - BBC News नेपाली,स्वास्थ्य बिमामा आबद्ध नागरिकहरूले बोर्डले सम्झौता गरेका देशभरिका स्वास्थ्य संस्थाबाट उक्त सुविधा लिन सक्ने अधिकारीहरूले बताएका छन्।
https://www.bbc.com/nepali/news-61178027,नेपाल स्वास्थ्य सेवा: लाखौँ आबद्ध स्वास्थ्य बिमा कार्यक्रम किन 'प्रभावित' हुने अवस्थामा - BBC News नेपाली,2024 बीबीसी। अन्य वेबसाइटका सामग्रीहरूका लागि बीबीसी जिम्मेवार छैन।
https://www.bbc.com/nepali/articles/cjrjzypjz7yo,दुर्गा प्रसाईँः बी एन्ड सी मेडिकल कलेज सञ्चालन गर्न दिन सर्वोच्च अदालतको फैसला  - BBC News नेपाली,बेलाबेलामा विवादमा परिरहने व्यवसायी दुर्गा प्रसाईँ कुनै बेला नेकपा एमालेका केन्द्रीय सदस्य थिए। 
https://www.bbc.com/nepali/articles/cjrjzypjz7yo,दुर्गा प्रसाईँः बी एन्ड सी मेडिकल कलेज सञ्चालन गर्न दिन सर्वोच्च अदालतको फैसला  - BBC News नेपाली,2024 बीबीसी। अन्य वेबसाइटका सामग्रीहरूका लागि बीबीसी जिम्मेवार छैन।
https://www.bbc.com/nepali/news-60429404,नेपाल स्वास्थ्य: अधिक नुन खानाले निम्त्याउँदैछ नेपालीमा 'गम्भीर स्वास्थ्य समस्या' - BBC News नेपाली,एक वर्षदेखि दुई वर्षका बालबालिकाको पोषणको स्थिति हेर्दा उनीहरूले एक चौथाइ आवश्यक पोषण जङ्क फुडबाट प्राप्त गरेको देखिएको विवरण सार्वजनिक भएको थियो। 
https://www.bbc.com/nepali/news-60429404,नेपाल स्वास्थ्य: अधिक नुन खानाले निम्त्याउँदैछ नेपालीमा 'गम्भीर स्वास्थ्य समस्या' - BBC News नेपाली,उनी समाज तथा सामाजिक अभियानकर्मीहरूले यसबारे जागरुकता फैलाउनुपर्ने आवश्यकता देख्छन्। 
https://www.bbc.com/nepali/news-60429404,नेपाल स्वास्थ्य: अधिक नुन खानाले निम्त्याउँदैछ नेपालीमा 'गम्भीर स्वास्थ्य समस्या' - BBC News नेपाली,2024 बीबीसी। अन्य वेबसाइटका सामग्रीहरूका लागि बीबीसी जिम्मेवार छैन।
https://www.bbc.com/nepali/news-39683043,दुई वर्षमा एकचौथाइ स्वास्थ्य केन्द्रको पुनर्निर्माण - BBC News नेपाली,2024 बीबीसी। अन्य वेबसाइटका सामग्रीहरूका लागि बीबीसी जिम्मेवार छैन।
https://www.bbc.com/nepali/news-46354016,"सामाजिक सुरक्षा योजना: को समेटिने, को नसमेटिने - BBC News नेपाली",तर ठूलो सङ्ख्यामा रहेका अनौपचारिक क्षेत्रका श्रमिकलाई उक्त योजनाले नसमेट्ने देखिएको छ।
https://www.bbc.com/nepali/news-46354016,"सामाजिक सुरक्षा योजना: को समेटिने, को नसमेटिने - BBC News नेपाली",2024 बीबीसी। अन्य वेबसाइटका सामग्रीहरूका लागि बीबीसी जिम्मेवार छैन।
https://www.bbc.com/nepali/news-57364887,आयो नुन: नुनबारे बजेटमा गरिएको व्यवस्थाले किन निम्तियो विवाद? - BBC News नेपाली,"यद्यपि नुन आपूर्ति गर्दै आएको साल्ट ट्रेडिङका अधिकारीहरूले चाहिँ सरकारी घोषणाले आफूहरू ""दण्डित भएको"" जस्तो लागेको बीबीसीलाई बताए।"
https://www.bbc.com/nepali/news-57364887,आयो नुन: नुनबारे बजेटमा गरिएको व्यवस्थाले किन निम्तियो विवाद? - BBC News नेपाली,"""त्यस हिसाबले पुरस्कृत हुनुपर्ने संस्था हामीले बुझेको र जनताले देखेकोमा अकस्मात् यस्तो निर्णय आएकोमा हामी आफैँलाई विश्वास लागिराखेको अवस्था छैन।"""
https://www.bbc.com/nepali/news-57364887,आयो नुन: नुनबारे बजेटमा गरिएको व्यवस्थाले किन निम्तियो विवाद? - BBC News नेपाली,देशभरि वार्षिक रूपमा करिब दुई लाख मेट्रिक टन नुन खपत हुने गरेको राजभण्डारीले जानकारी दिए।
https://www.bbc.com/nepali/news-57364887,आयो नुन: नुनबारे बजेटमा गरिएको व्यवस्थाले किन निम्तियो विवाद? - BBC News नेपाली,2024 बीबीसी। अन्य वेबसाइटका सामग्रीहरूका लागि बीबीसी जिम्मेवार छैन।
https://www.bbc.com/nepali/articles/c51nvqp6elno,चीन अर्थतन्त्र: महिलाको पैसा जोगाउने नयाँ काइदा यस्तो छ - BBC News नेपाली,2024 बीबीसी। अन्य वेबसाइटका सामग्रीहरूका लागि बीबीसी जिम्मेवार छैन।
https://www.bbc.com/nepali/articles/ck5kllw7982o,सिंहदरबारबाट ‘अत्यासलाग्दो’ देखियो डढेलो तर ‘इन्द्रदेवको मुख ताक्न बाध्य’ - BBC News नेपाली,"उनले भने, “तर आधिकारिक तथ्याङ्क कम देखिएको हुनसक्छ।”"
https://www.bbc.com/nepali/articles/ck5kllw7982o,सिंहदरबारबाट ‘अत्यासलाग्दो’ देखियो डढेलो तर ‘इन्द्रदेवको मुख ताक्न बाध्य’ - BBC News नेपाली,मन्त्रालयका अनुसार साढे सात सय स्थानीय तहहरूमध्ये अधिकांशमा अझै पनि आफ्नो दमकल छैन।
https://www.bbc.com/nepali/articles/ck5kllw7982o,सिंहदरबारबाट ‘अत्यासलाग्दो’ देखियो डढेलो तर ‘इन्द्रदेवको मुख ताक्न बाध्य’ - BBC News नेपाली,2024 बीबीसी। अन्य वेबसाइटका सामग्रीहरूका लागि बीबीसी जिम्मेवार छैन।
https://www.bbc.com/nepali/topics/cg726kxq1xxt,अर्थतन्त्र - BBC News नेपाली,2024 बीबीसी। अन्य वेबसाइटका सामग्रीहरूका लागि बीबीसी जिम्मेवार छैन।
https://www.bbc.com/nepali/articles/cl5q93wglpzo,चीनको अर्थतन्त्रमा के भइरहेको छ भन्नेबारे पाँच सवाल - BBC News नेपाली,चीनका धेरै नागरिकहरूले यी निर्माणकर्ता कम्पनीलाई आफ्ना घरहरूका लागि पैसा तिरेका थिए। 
https://www.bbc.com/nepali/articles/cl5q93wglpzo,चीनको अर्थतन्त्रमा के भइरहेको छ भन्नेबारे पाँच सवाल - BBC News नेपाली,स्थानीय सरकारले पूर्वाधार निर्माणका लागि अर्बौं ऋण लिएका थिए। 
https://www.bbc.com/nepali/articles/cl5q93wglpzo,चीनको अर्थतन्त्रमा के भइरहेको छ भन्नेबारे पाँच सवाल - BBC News नेपाली,धेरैजसोले चीनले अमेरिकालाई उछिन्न अब केही समय मात्र लाग्ने बताएका थिए।
https://www.bbc.com/nepali/articles/cl5q93wglpzo,चीनको अर्थतन्त्रमा के भइरहेको छ भन्नेबारे पाँच सवाल - BBC News नेपाली,आर्थिक मन्दीअघि आशावादी रहनेहरूले चीनले सन् २०२८ सम्म अमेरिकालाई पछाडि पारिसक्ने ठानेका थिए।
https://www.bbc.com/nepali/articles/cl5q93wglpzo,चीनको अर्थतन्त्रमा के भइरहेको छ भन्नेबारे पाँच सवाल - BBC News नेपाली,प्राध्यापक ली चेङले अमेरिकाले धेरै अनिश्चित चुनौतीहरूको सामना गरिरहेको बताउँछन्।
https://www.bbc.com/nepali/articles/cl5q93wglpzo,चीनको अर्थतन्त्रमा के भइरहेको छ भन्नेबारे पाँच सवाल - BBC News नेपाली,"""तेस्रो, देशमा आर्थिक मन्दीसँगै सार्वजनिक पुँजीको सङ्कट आयो भने सहायता र औपचारिक रूपमा ऋण दिएर भूराजनीतिमा प्रभाव पार्ने चीनको क्षमता पनि कमजोर हुनेछ।"""
https://www.bbc.com/nepali/articles/cl5q93wglpzo,चीनको अर्थतन्त्रमा के भइरहेको छ भन्नेबारे पाँच सवाल - BBC News नेपाली,यद्यपि कतिपय आलोचकहरू भने बीआरआईका कारण देशहरू ‘चीनको ऋणको पासो’ मा फसेको बताउँछन्।
https://www.bbc.com/nepali/articles/cl5q93wglpzo,चीनको अर्थतन्त्रमा के भइरहेको छ भन्नेबारे पाँच सवाल - BBC News नेपाली,विश्वका धेरै कम वा मध्यम आय भएका देशहरूका लागि चीन बीआरआईमार्फत् ऋण पहुँच गर्ने सहज विकल्प बनेको छ।
https://www.bbc.com/nepali/articles/cl5q93wglpzo,चीनको अर्थतन्त्रमा के भइरहेको छ भन्नेबारे पाँच सवाल - BBC News नेपाली,2024 बीबीसी। अन्य वेबसाइटका सामग्रीहरूका लागि बीबीसी जिम्मेवार छैन।
https://www.bbc.com/nepali/news-56723559,डढेलोः नेपाल र भारतका जङ्गलमा फैलिएको आगोका कारण वैज्ञानिकहरू चिन्तित - BBC News नेपाली,डढेलोबाट नराम्ररी प्रभावित क्षेत्रका मानिसहरूले हिजोआज राति निदाउन नसकेको बीबीसीलाई बताएका छन्।
https://www.bbc.com/nepali/news-56723559,डढेलोः नेपाल र भारतका जङ्गलमा फैलिएको आगोका कारण वैज्ञानिकहरू चिन्तित - BBC News नेपाली,2024 बीबीसी। अन्य वेबसाइटका सामग्रीहरूका लागि बीबीसी जिम्मेवार छैन।
https://www.bbc.com/nepali/articles/cd1wd52xqwgo,जागिरका खराब अन्तर्वार्ता: ‘हामीले हात खुट्टा टेकेर बाँ आवाज निकाल्नुपर्‍यो’  - BBC News नेपाली,“त्यसबेला मलाई झिँजो लागिसकेको थियो। त्यो ज्यादै नै असंवेदनशील व्यवहार थियो। तर सबै जनाले त्यस्तै गरिरहेकाले त्यहाँ सहकर्मीहरूबाटै ठूलो दबाब थियो।”
https://www.bbc.com/nepali/articles/cd1wd52xqwgo,जागिरका खराब अन्तर्वार्ता: ‘हामीले हात खुट्टा टेकेर बाँ आवाज निकाल्नुपर्‍यो’  - BBC News नेपाली,धेरै मानिसहरूले बीबीसीलाई जागिरमा आवेदन दिँदा आफूले लिङ्गका आधारमा विभेदको सामना गर्नुपरेको बताएका छन्।
https://www.bbc.com/nepali/articles/cd1wd52xqwgo,जागिरका खराब अन्तर्वार्ता: ‘हामीले हात खुट्टा टेकेर बाँ आवाज निकाल्नुपर्‍यो’  - BBC News नेपाली,2024 बीबीसी। अन्य वेबसाइटका सामग्रीहरूका लागि बीबीसी जिम्मेवार छैन।
https://www.bbc.com/nepali/articles/cw0vkxk807ko,जीबी राई: रवि लामिछानेले मलेशियाका गृहमन्त्रीसँग के कुरा राखे? - BBC News नेपाली,नेपालले करिब एक महिना अघि नै औपचारिक पत्र पठाएर राईलाई स्वदेश फर्काइदिन गरेको आग्रहबारे मलेशियाले आइतवारसम्म कुनै औपचारिक जबाफ नदिएको नेपाली दूतावासले जनाएको छ।
https://www.bbc.com/nepali/articles/cw0vkxk807ko,जीबी राई: रवि लामिछानेले मलेशियाका गृहमन्त्रीसँग के कुरा राखे? - BBC News नेपाली,उनले विदेशी कामदारहरूको विषय र सीमापार हुने अपराधका विषयमा पनि छलफल भएको उल्लेख गरे पनि नेपालले मलेशियासँग स्वदेश फर्काइदिन आग्रह गरिरहेका जीबी राईको विषय उल्लेख गरेका छैनन्।
https://www.bbc.com/nepali/articles/cw0vkxk807ko,जीबी राई: रवि लामिछानेले मलेशियाका गृहमन्त्रीसँग के कुरा राखे? - BBC News नेपाली,"“कुराकानीमा त्यो सहित विविध विषयमा कुराकानी भए,” बीबीसीको जिज्ञासामा भट्टराईले भने।"
https://www.bbc.com/nepali/articles/cw0vkxk807ko,जीबी राई: रवि लामिछानेले मलेशियाका गृहमन्त्रीसँग के कुरा राखे? - BBC News नेपाली,तर गतसाता भएको टेलिफोन संवादबारे क्वालालम्पुर स्थित नेपाली दूतावासलाई भने जानकारी नभएको अधिकारीहरूले बताएका छन्।
https://www.bbc.com/nepali/articles/cw0vkxk807ko,जीबी राई: रवि लामिछानेले मलेशियाका गृहमन्त्रीसँग के कुरा राखे? - BBC News नेपाली,"“त्यसबारे लिखित जबाफ केही आएको छैन,” उनले भने।"
https://www.bbc.com/nepali/articles/cw0vkxk807ko,जीबी राई: रवि लामिछानेले मलेशियाका गृहमन्त्रीसँग के कुरा राखे? - BBC News नेपाली,“तर मलेशियाले यसबारे केही निर्णय हालसम्म हामीलाई दिइसकेको छैन।”
https://www.bbc.com/nepali/articles/cw0vkxk807ko,जीबी राई: रवि लामिछानेले मलेशियाका गृहमन्त्रीसँग के कुरा राखे? - BBC News नेपाली,तर मलेशियाले हालसम्म उनी आफ्नो देशमा रहे वा नरहेको आधिकारिक जानकारी समेत नेपाली पक्षलाई नदिएको बुड्थापाले बताए।
https://www.bbc.com/nepali/articles/cw0vkxk807ko,जीबी राई: रवि लामिछानेले मलेशियाका गृहमन्त्रीसँग के कुरा राखे? - BBC News नेपाली,नेपाली अधिकारीहरूसँगको कुराकानीमा मलेशियाले नेपालमा भिसा अवधि भन्दा लामो समय बसेको आरोपमा आफ्ना दुई जना नागरिकमाथि सात वर्षको जेल सजाय तोकिएको मुद्दा फिर्ता लिन आग्रह गर्दै आएको एक जना अधिकारीले बताए।
https://www.bbc.com/nepali/articles/cw0vkxk807ko,जीबी राई: रवि लामिछानेले मलेशियाका गृहमन्त्रीसँग के कुरा राखे? - BBC News नेपाली,2024 बीबीसी। अन्य वेबसाइटका सामग्रीहरूका लागि बीबीसी जिम्मेवार छैन।
https://www.bbc.com/nepali/news-55541358,"वायु प्रदूषण: काठमाण्डूमा स्वास्थ्यका लागि 'हानिकारक अवस्था', कसरी जोगिने? - BBC News नेपाली",तर काठमाण्डू उपत्यकामा भने बुधवारदेखि मौसममा सुधार आउने र देशभरि बिहीवारदेखि मात्रै मौसम सफा हुने मौसम विज्ञान तथा पूर्वानुमान महाशाखाले जनाएको छ।
https://www.bbc.com/nepali/news-55541358,"वायु प्रदूषण: काठमाण्डूमा स्वास्थ्यका लागि 'हानिकारक अवस्था', कसरी जोगिने? - BBC News नेपाली",2024 बीबीसी। अन्य वेबसाइटका सामग्रीहरूका लागि बीबीसी जिम्मेवार छैन।
https://www.bbc.com/nepali/news-56636143,"नेपाल वायु प्रदूषण: विभिन्न भागमा अवस्था फेरि खराब, यस्तो स्थिति आउन नदिन गर्नुपर्ने तीन काम - BBC News नेपाली",2024 बीबीसी। अन्य वेबसाइटका सामग्रीहरूका लागि बीबीसी जिम्मेवार छैन।
https://topnepalnews.com/,Home Page - Top Nepal News," 
                                    काठमाडौँ । ताइवानको पूर्वी तटीय क्षेत्रमा…                                       "
https://topnepalnews.com/,Home Page - Top Nepal News,"
                                    काठमाडौँ । रियल मड्रिडले ३६औं पटक…  
                                      "
https://www.bbc.com/nepali,मुख पृष्ठ - BBC News नेपाली,सुर्खेत र जुम्लामा बाहेक कर्णालीका अरू जिल्लामा शिशुका लागि आवश्यक एनआईसीयू सेवा नै उपलब्ध छैन।
https://www.bbc.com/nepali,मुख पृष्ठ - BBC News नेपाली,नेपालले करिब एक महिना अघि नै औपचारिक पत्र पठाएर जीबी राईलाई स्वदेश फर्काइदिन गरेको आग्रहबारे मलेशियाले कुनै औपचारिक जबाफ दिएको छैन।
https://www.bbc.com/nepali,मुख पृष्ठ - BBC News नेपाली,2024 बीबीसी। अन्य वेबसाइटका सामग्रीहरूका लागि बीबीसी जिम्मेवार छैन।
http://nepalipost.com/beta/,नेपालीपोष्ट – Nepali news site.,नेपाली पोष्ट डटकम
https://www.bbc.com/nepali,मुख पृष्ठ - BBC News नेपाली,सुर्खेत र जुम्लामा बाहेक कर्णालीका अरू जिल्लामा शिशुका लागि आवश्यक एनआईसीयू सेवा नै उपलब्ध छैन।
https://www.bbc.com/nepali,मुख पृष्ठ - BBC News नेपाली,नेपालले करिब एक महिना अघि नै औपचारिक पत्र पठाएर जीबी राईलाई स्वदेश फर्काइदिन गरेको आग्रहबारे मलेशियाले कुनै औपचारिक जबाफ दिएको छैन।
https://www.bbc.com/nepali,मुख पृष्ठ - BBC News नेपाली,2024 बीबीसी। अन्य वेबसाइटका सामग्रीहरूका लागि बीबीसी जिम्मेवार छैन।
https://www.bbc.com/nepali/bbc_nepali_radio/programmes/p0340xzv,सांझपख - सांझपख - Nepali - BBC News नेपाली,बीबीसी नेपाली सेवाको हरेक दिन बेलुकी पौने नौ बजे प्रसारण हुने कार्यक्रम
https://www.bbc.com/nepali/bbc_nepali_radio/programmes/p0340xzv,सांझपख - सांझपख - Nepali - BBC News नेपाली,2024 बीबीसी। अन्य वेबसाइटका सामग्रीहरूका लागि बीबीसी जिम्मेवार छैन।
http://nepalipost.com/beta/category/%e0%a4%9a%e0%a5%8c%e0%a4%a4%e0%a4%be%e0%a4%b0%e0%a5%80,चौतारी – नेपालीपोष्ट,नेपाली पोष्ट डटकम
http://nepalipost.com/beta/category/%e0%a4%b8%e0%a4%ae%e0%a4%be%e0%a4%9a%e0%a4%be%e0%a4%b0,समाचार – नेपालीपोष्ट,नेपाली पोष्ट डटकम
http://nepalipost.com/beta/category/%e0%a4%b8%e0%a4%be%e0%a4%b9%e0%a4%bf%e0%a4%a4%e0%a5%8d%e0%a4%af-%e0%a4%b8%e0%a4%82%e0%a4%b8%e0%a5%8d%e0%a4%95%e0%a5%83%e0%a4%a4%e0%a4%bf,साहित्य/संस्कृति – नेपालीपोष्ट,नेपाली पोष्ट डटकम
http://nepalipost.com/beta/,नेपालीपोष्ट – Nepali news site.,नेपाली पोष्ट डटकम
http://nepalipost.com/beta/category/english,English – नेपालीपोष्ट,नेपाली पोष्ट डटकम
http://nepalipost.com/beta/category/%e0%a4%ab%e0%a5%8b%e0%a4%9f%e0%a5%8b-%e0%a4%ab%e0%a4%bf%e0%a4%9a%e0%a4%b0,फोटो फिचर – नेपालीपोष्ट,नेपाली पोष्ट डटकम
http://nepalipost.com/beta/category/%e0%a4%ad%e0%a4%bf%e0%a4%a1%e0%a4%bf%e0%a4%af%e0%a5%8b,भिडियो – नेपालीपोष्ट,नेपाली पोष्ट डटकम
http://nepalipost.com/beta/category/youth-corner,Youth Corner – नेपालीपोष्ट,नेपाली पोष्ट डटकम
http://nepalipost.com/beta/4758,REDOLPH AND THE FIRE – नेपालीपोष्ट,नेपाली पोष्ट डटकम
http://nepalipost.com/beta/4610,वासिंटन डीसीस्थित क्यापिटल भवन अगाडिबाट देखिएको दृष्य – नेपालीपोष्ट,वासिंटन डीसीस्थित क्यापिटल भवन अगाडिबाट देखिएको दृष्य ।
http://nepalipost.com/beta/4610,वासिंटन डीसीस्थित क्यापिटल भवन अगाडिबाट देखिएको दृष्य – नेपालीपोष्ट,नेपाली पोष्ट डटकम
http://nepalipost.com/beta/4966,छिमेकी देशसँगको परराष्ट्र सम्बन्ध साथमा पूर्वमन्त्री रमेशनाथ पाण्डेसँगको कुराकानी – नेपालीपोष्ट,नेपाली पोष्ट डटकम
http://nepalipost.com/beta/author/nepalipost,नेपालीपोष्ट – नेपालीपोष्ट,नेपाली पोष्ट डटकम
https://onlinemajdoor.com/?cat=13,स्वास्थ्य Archives - Online Majdoor," भक्तपुर, १५ वैशाख । भक्तपुर नगरपालिका वडा नं. ६ छिकोङ प्रशिक्षणको आयोजनामा शनिबार दक्षिणकालीमा एक कार्यक्रम भयो । कार्यक्रममा नेपाल मजदुर किसान पार्टीका सचिव एवं सङ्घीय सांसद प्रेम सुवालले..."
http://nepalipost.com/beta/4758?replytocom=2717,REDOLPH AND THE FIRE – नेपालीपोष्ट,नेपाली पोष्ट डटकम
http://nepalipost.com/beta/4758?replytocom=2718,REDOLPH AND THE FIRE – नेपालीपोष्ट,नेपाली पोष्ट डटकम
https://onlinemajdoor.com/?cat=15,सम्पादकीय Archives - Online Majdoor," संयुक्त राज्य अमेरिका आज संसारको सबभन्दा क्रूर र आक्रमक शासकहरूको राज्यको रूपमा एसिया, अफ्रिका, ल्याटिन अमेरिका र टापु देशका जनतालाई थाहा भएकै विषय हो । तर, इतिहासको एक कालखण्डमा..."
http://nepalipost.com/beta/%E0%A4%89%E0%A4%AA%E0%A4%AF%E0%A5%8B%E0%A4%97%E0%A5%80-%E0%A4%B5%E0%A5%87%E0%A4%AC%E0%A4%B8%E0%A4%BE%E0%A4%88%E0%A4%9F%E0%A4%B9%E0%A4%B0%E0%A5%82,उपयोगी वेबसाईटहरू – नेपालीपोष्ट,नेपाली पोष्ट डटकम
http://nepalipost.com/beta/%e0%a4%b6%e0%a4%a4%e0%a4%be%e0%a4%ac%e0%a5%8d%e0%a4%a6%e0%a5%80-%e0%a4%aa%e0%a5%81%e0%a4%b0%e0%a5%81%e0%a4%b7-%e0%a4%b8%e0%a4%82%e0%a4%b8%e0%a5%8d%e0%a4%95%e0%a5%83%e0%a4%a4%e0%a4%bf%e0%a4%b5%e0%a4%bf,शताब्दी पुरुष संस्कृतिविद् सत्यमोहन जोशीसँग स्पेसमा गरिएको कुराकानी – नेपालीपोष्ट,"नेपाली पोष्टको स्पेसमा हरेक आइतबार प्रशारण गरिने छलफल कार्यक्रमा मार्च २०, २०२२ मा हामीले संस्कृतिविद् सत्यमोहन जोशीका साथ कुराकानी गरेका थियौं ।"
http://nepalipost.com/beta/%e0%a4%b6%e0%a4%a4%e0%a4%be%e0%a4%ac%e0%a5%8d%e0%a4%a6%e0%a5%80-%e0%a4%aa%e0%a5%81%e0%a4%b0%e0%a5%81%e0%a4%b7-%e0%a4%b8%e0%a4%82%e0%a4%b8%e0%a5%8d%e0%a4%95%e0%a5%83%e0%a4%a4%e0%a4%bf%e0%a4%b5%e0%a4%bf,शताब्दी पुरुष संस्कृतिविद् सत्यमोहन जोशीसँग स्पेसमा गरिएको कुराकानी – नेपालीपोष्ट,नेपाली पोष्ट डटकम
http://nepalipost.com/beta/%e0%a4%b9%e0%a4%be%e0%a4%ae%e0%a5%8d%e0%a4%b0%e0%a5%8b-%e0%a4%ac%e0%a4%be%e0%a4%b0%e0%a5%87%e0%a4%ae%e0%a4%be,हाम्रो बारेमा – नेपालीपोष्ट,"आज संसारका विभिन्न कुनामा छरिएर रहेका नेपाली पाठकहरुको संख्या दिनप्रतिदिन वृद्धि भइरहेको अवस्थामा तपाईं पाठकका आफ्ना विचारलाई पनि यसमा यथास्थान दिने छौं । हामी नेपालको लोकतान्त्रिक पद्दतीमा विश्वास राख्ने प्रतिवद्द राजनीतिक विचारउत्तेजक लेख सामग्री, त्यसैगरी तपाई आफू बस्नुभएको देशका बारेमा लेख्नुभएका गैर राजनीतिक लेख, रचनालाई समेत यसमा समावेश गर्दै आएका छौं र तपाई पाठकहरु पनि यसमा समावेस हुन चाहनुहोस् भन्दछौं ।"
http://nepalipost.com/beta/%e0%a4%b9%e0%a4%be%e0%a4%ae%e0%a5%8d%e0%a4%b0%e0%a5%8b-%e0%a4%ac%e0%a4%be%e0%a4%b0%e0%a5%87%e0%a4%ae%e0%a4%be,हाम्रो बारेमा – नेपालीपोष्ट,नेपाली पोष्ट डटकम
http://nepalipost.com/beta/5093,अन्तरङ्ग – नेपालीपोष्ट,नेपाली पोष्ट डटकम
https://www.bbc.com/nepali,मुख पृष्ठ - BBC News नेपाली,सुर्खेत र जुम्लामा बाहेक कर्णालीका अरू जिल्लामा शिशुका लागि आवश्यक एनआईसीयू सेवा नै उपलब्ध छैन।
https://www.bbc.com/nepali,मुख पृष्ठ - BBC News नेपाली,नेपालले करिब एक महिना अघि नै औपचारिक पत्र पठाएर जीबी राईलाई स्वदेश फर्काइदिन गरेको आग्रहबारे मलेशियाले कुनै औपचारिक जबाफ दिएको छैन।
https://www.bbc.com/nepali,मुख पृष्ठ - BBC News नेपाली,2024 बीबीसी। अन्य वेबसाइटका सामग्रीहरूका लागि बीबीसी जिम्मेवार छैन।
https://topnepalnews.com/,Home Page - Top Nepal News," 
                                    काठमाडौँ । ताइवानको पूर्वी तटीय क्षेत्रमा…                                       "
https://topnepalnews.com/,Home Page - Top Nepal News,"
                                    काठमाडौँ । रियल मड्रिडले ३६औं पटक…  
                                      "
http://nepalipost.com/beta/,नेपालीपोष्ट – Nepali news site.,नेपाली पोष्ट डटकम
https://www.bbc.com/nepali,मुख पृष्ठ - BBC News नेपाली,सुर्खेत र जुम्लामा बाहेक कर्णालीका अरू जिल्लामा शिशुका लागि आवश्यक एनआईसीयू सेवा नै उपलब्ध छैन।
https://www.bbc.com/nepali,मुख पृष्ठ - BBC News नेपाली,नेपालले करिब एक महिना अघि नै औपचारिक पत्र पठाएर जीबी राईलाई स्वदेश फर्काइदिन गरेको आग्रहबारे मलेशियाले कुनै औपचारिक जबाफ दिएको छैन।
https://www.bbc.com/nepali,मुख पृष्ठ - BBC News नेपाली,2024 बीबीसी। अन्य वेबसाइटका सामग्रीहरूका लागि बीबीसी जिम्मेवार छैन।
https://www.bbc.com/nepali,मुख पृष्ठ - BBC News नेपाली,सुर्खेत र जुम्लामा बाहेक कर्णालीका अरू जिल्लामा शिशुका लागि आवश्यक एनआईसीयू सेवा नै उपलब्ध छैन।
https://www.bbc.com/nepali,मुख पृष्ठ - BBC News नेपाली,नेपालले करिब एक महिना अघि नै औपचारिक पत्र पठाएर जीबी राईलाई स्वदेश फर्काइदिन गरेको आग्रहबारे मलेशियाले कुनै औपचारिक जबाफ दिएको छैन।
https://www.bbc.com/nepali,मुख पृष्ठ - BBC News नेपाली,2024 बीबीसी। अन्य वेबसाइटका सामग्रीहरूका लागि बीबीसी जिम्मेवार छैन।
http://nepalipost.com/beta/,नेपालीपोष्ट – Nepali news site.,नेपाली पोष्ट डटकम
https://topnepalnews.com/,Home Page - Top Nepal News," 
                                    काठमाडौँ । ताइवानको पूर्वी तटीय क्षेत्रमा…                                       "
https://topnepalnews.com/,Home Page - Top Nepal News,"
                                    काठमाडौँ । रियल मड्रिडले ३६औं पटक…  
                                      "
https://www.bbc.com/nepali/bbc_nepali_radio/programmes/p0340xzv,सांझपख - सांझपख - Nepali - BBC News नेपाली,बीबीसी नेपाली सेवाको हरेक दिन बेलुकी पौने नौ बजे प्रसारण हुने कार्यक्रम
https://www.bbc.com/nepali/bbc_nepali_radio/programmes/p0340xzv,सांझपख - सांझपख - Nepali - BBC News नेपाली,2024 बीबीसी। अन्य वेबसाइटका सामग्रीहरूका लागि बीबीसी जिम्मेवार छैन।
https://www.bbc.com/nepali/topics/cw9kv027nwnt,भिडियो - BBC News नेपाली,2024 बीबीसी। अन्य वेबसाइटका सामग्रीहरूका लागि बीबीसी जिम्मेवार छैन।
https://www.bbc.com/nepali/bbc_nepali_radio/w172zqy8bygvllj,सांझपख - सांझपख - Nepali - BBC News नेपाली,बीबीसी नेपाली सेवाको हरेक दिन बेलुकी पौने नौ बजे प्रसारण हुने कार्यक्रम
https://www.bbc.com/nepali/bbc_nepali_radio/w172zqy8bygvllj,सांझपख - सांझपख - Nepali - BBC News नेपाली,2024 बीबीसी। अन्य वेबसाइटका सामग्रीहरूका लागि बीबीसी जिम्मेवार छैन।
https://www.bbc.com/nepali/bbc_nepali_radio/w172zqy8bygrppf,सांझपख - सांझपख - Nepali - BBC News नेपाली,बीबीसी नेपाली सेवाको हरेक दिन बेलुकी पौने नौ बजे प्रसारण हुने कार्यक्रम
https://www.bbc.com/nepali/bbc_nepali_radio/w172zqy8bygrppf,सांझपख - सांझपख - Nepali - BBC News नेपाली,2024 बीबीसी। अन्य वेबसाइटका सामग्रीहरूका लागि बीबीसी जिम्मेवार छैन।
https://www.bbc.com/nepali/bbc_nepali_radio/w172zqy8bygnssb,सांझपख - सांझपख - Nepali - BBC News नेपाली,बीबीसी नेपाली सेवाको हरेक दिन बेलुकी पौने नौ बजे प्रसारण हुने कार्यक्रम
https://www.bbc.com/nepali/bbc_nepali_radio/w172zqy8bygnssb,सांझपख - सांझपख - Nepali - BBC News नेपाली,2024 बीबीसी। अन्य वेबसाइटका सामग्रीहरूका लागि बीबीसी जिम्मेवार छैन।
https://www.bbc.com/nepali/bbc_nepali_radio/w172zqy8bygkww7,सांझपख - सांझपख - Nepali - BBC News नेपाली,बीबीसी नेपाली सेवाको हरेक दिन बेलुकी पौने नौ बजे प्रसारण हुने कार्यक्रम
https://www.bbc.com/nepali/bbc_nepali_radio/w172zqy8bygkww7,सांझपख - सांझपख - Nepali - BBC News नेपाली,2024 बीबीसी। अन्य वेबसाइटका सामग्रीहरूका लागि बीबीसी जिम्मेवार छैन।
https://www.bbc.com/nepali/bbc_nepali_radio/w172zqy8bygyhhm,सांझपख - सांझपख - Nepali - BBC News नेपाली,बीबीसी नेपाली सेवाको हरेक दिन बेलुकी पौने नौ बजे प्रसारण हुने कार्यक्रम
https://www.bbc.com/nepali/bbc_nepali_radio/w172zqy8bygyhhm,सांझपख - सांझपख - Nepali - BBC News नेपाली,2024 बीबीसी। अन्य वेबसाइटका सामग्रीहरूका लागि बीबीसी जिम्मेवार छैन।
https://www.bbc.com/nepali/institutional-50318130,अनलाइन समाचारमाथिको विश्वास र पारदर्शिता बढाउन बीबीसीले गरिरहेको अभ्यास - BBC News नेपाली,मा बीबीसीले कसरी विविधता बढाउन काम गरिरहेको छ भन्ने बारे जानकारी छ।
https://www.bbc.com/nepali/institutional-50318130,अनलाइन समाचारमाथिको विश्वास र पारदर्शिता बढाउन बीबीसीले गरिरहेको अभ्यास - BBC News नेपाली,"समाचार संस्था, बीबीसी समाचार सङ्कलन वा बीबीसी रेडिओ वा टीभी जस्ता विभिन्न स्रोतमा आधारित सामान्य समाचारहरू वा धेरै पत्रकारले काम गरेका समाचारमा पत्रकारको नाम हुँदैन।"
https://www.bbc.com/nepali/institutional-50318130,अनलाइन समाचारमाथिको विश्वास र पारदर्शिता बढाउन बीबीसीले गरिरहेको अभ्यास - BBC News नेपाली,2024 बीबीसी। अन्य वेबसाइटका सामग्रीहरूका लागि बीबीसी जिम्मेवार छैन।
https://www.bbc.com/nepali/institutional-38157766,बीबीसी न्यूज नेपालीको परिचय - BBC News नेपाली,बीबीसी नेपाली सेवाको कार्यक्रम रेडिओमा शनिवार र आइतवार बाहेक हप्ताको पाँच दिन बेलुकीको पौने नौ बजे १५ मिनेट  नेपालका झण्डै ३५० वटा एफएमका फ्रिक्वेन्सीहरुमा प्रसारण हुँदै आएको छ।
https://www.bbc.com/nepali/institutional-38157766,बीबीसी न्यूज नेपालीको परिचय - BBC News नेपाली,बीबीसी नेपाली सेवाको डिजटल सामग्रीहरू उपलब्ध हुने माध्यमःवेबसाइटः 
https://www.bbc.com/nepali/institutional-38157766,बीबीसी न्यूज नेपालीको परिचय - BBC News नेपाली,फेसबुक पेजः 
https://www.bbc.com/nepali/institutional-38157766,बीबीसी न्यूज नेपालीको परिचय - BBC News नेपाली,इन्स्टाग्राम पेजः 
https://www.bbc.com/nepali/institutional-38157766,बीबीसी न्यूज नेपालीको परिचय - BBC News नेपाली,युट्यूब पेजः 
https://www.bbc.com/nepali/institutional-38157766,बीबीसी न्यूज नेपालीको परिचय - BBC News नेपाली,पडकास्ट पेजः 
https://www.bbc.com/nepali/institutional-38157766,बीबीसी न्यूज नेपालीको परिचय - BBC News नेपाली,2024 बीबीसी। अन्य वेबसाइटका सामग्रीहरूका लागि बीबीसी जिम्मेवार छैन।
https://www.bbc.com/nepali/institutional-38157764,प्रयोगको नियम तथा शर्त - BBC News नेपाली,नियम तथा शर्तहरू जारी:
https://www.bbc.com/nepali/institutional-38157764,प्रयोगको नियम तथा शर्त - BBC News नेपाली,बौद्धिक सम्पत्ति
https://www.bbc.com/nepali/institutional-38157764,प्रयोगको नियम तथा शर्त - BBC News नेपाली,विजेटहरू
https://www.bbc.com/nepali/institutional-38157764,प्रयोगको नियम तथा शर्त - BBC News नेपाली,९. हामी तपाईंले पठाउनुभएको सामग्री सामान्यतया: तपाईंको नाउं सहित प्रकाशित गर्छौं। तपाईंले नाउं सार्वजनिक नगर्नु भनेका बेला त्यसलाई प्रकाशित गरिंदैन तर व्यवहारिक कारणले संधैभरी त्यसो गर्न सम्भव नहुन सक्छ। बीबीसीले तपाईंलाई प्रशासनिक अथवा तपाईंको सामग्रीलाई पुष्टि गर्ने सन्दर्भमा सम्पर्क गर्न सक्छ।
https://www.bbc.com/nepali/institutional-38157764,प्रयोगको नियम तथा शर्त - BBC News नेपाली,तपाईंले पोष्ट गर्नुभएको सन्देशका बारेमा
https://www.bbc.com/nepali/institutional-38157764,प्रयोगको नियम तथा शर्त - BBC News नेपाली,तपाईंको BBC account का बारे
https://www.bbc.com/nepali/institutional-38157764,प्रयोगको नियम तथा शर्त - BBC News नेपाली,तपाईंले पठाउने सन्देश सभ्य र सबैलाई सुहाउने खाले हुनुपर्छ
https://www.bbc.com/nepali/institutional-38157764,प्रयोगको नियम तथा शर्त - BBC News नेपाली,नक्कली परिचय दिएर सहभागी हुन पाईंदैन
https://www.bbc.com/nepali/institutional-38157764,प्रयोगको नियम तथा शर्त - BBC News नेपाली,bbc.co.uk मा सर्वसाधारणले पठाउने सामग्री वा तेस्रो पक्षको वेबसाइटको सामग्री वा त्यसको उपलब्धता का बारे बीबीसी वा बीबीसी डबल्यूको कुनै जिम्मेवारी छैन। बीबीसीको वेबसाइटबाट तेस्रो पक्षको वेबसाइटमा जान राखिएको लिंकबाट त्यस्तो वेबसाइटलाई बीबीसीले प्रवर्धन गरेको ठानिने छैन।
https://www.bbc.com/nepali/institutional-38157764,प्रयोगको नियम तथा शर्त - BBC News नेपाली,बीबीसीको इम्बेड गर्ने मिल्ने एप्लीकेशन (बीबीसी विश्व सेवाको विजेट) इन्स्टल गरेर र बीबीसी विश्व सेवाको सामग्रीहरू प्रदर्शन गर्नका लागि त्यसको प्रयोग गरेर तपाईंले तल लेखिएका शर्तहरू स्वीकार गर्नुभएको ठानिनेछ।
https://www.bbc.com/nepali/institutional-38157764,प्रयोगको नियम तथा शर्त - BBC News नेपाली,तपाईंको कम्प्युटरमा भाइरस सर्न नदिन सबै खाले सतर्कता अपनाउनका लागि हामी तपाईंलाई सुझाव दिन्छौं।
https://www.bbc.com/nepali/institutional-38157764,प्रयोगको नियम तथा शर्त - BBC News नेपाली,2024 बीबीसी। अन्य वेबसाइटका सामग्रीहरूका लागि बीबीसी जिम्मेवार छैन।
https://www.bbc.com/nepali/institutional-38157767,गोपनियता सम्बन्धि नीति - BBC News नेपाली,तपाईंले बीबीसीका सेवाहरूको प्रयोग गर्नुहुंदा तपाईं र तपाईंको परिवारको नीजि जानकारीहरूको सुरक्षा गर्न बीबीसी प्रतिबद्ध छ।
https://www.bbc.com/nepali/institutional-38157767,गोपनियता सम्बन्धि नीति - BBC News नेपाली,तपाईंलाई बीबीसीको पूर्ण सेवा उपलब्ध गराउनका लागि कहिलेकाहीं हामीलाई तपाईंको बारे जानकारीहरू जुटाउन आवश्यक हुन्छ।
https://www.bbc.com/nepali/institutional-38157767,गोपनियता सम्बन्धि नीति - BBC News नेपाली,कानूनी रूपमा आवश्यक परेको वा अनुमति भएको खण्डमा बाहेक हामी तपाईंको जानकारीहरू गोप्य राख्नेछौं।
https://www.bbc.com/nepali/institutional-38157767,गोपनियता सम्बन्धि नीति - BBC News नेपाली,बीबीसीको गोपनीयता सम्बन्धि पूर्ण र ताजा नीतिहरूका लागि कृपया बीबीसीको अंग्रेजी भाषाको मूख्य वेबसाइटमा 
https://www.bbc.com/nepali/institutional-38157767,गोपनियता सम्बन्धि नीति - BBC News नेपाली,2024 बीबीसी। अन्य वेबसाइटका सामग्रीहरूका लागि बीबीसी जिम्मेवार छैन।
https://www.bbc.com/nepali,मुख पृष्ठ - BBC News नेपाली,सुर्खेत र जुम्लामा बाहेक कर्णालीका अरू जिल्लामा शिशुका लागि आवश्यक एनआईसीयू सेवा नै उपलब्ध छैन।
https://www.bbc.com/nepali,मुख पृष्ठ - BBC News नेपाली,नेपालले करिब एक महिना अघि नै औपचारिक पत्र पठाएर जीबी राईलाई स्वदेश फर्काइदिन गरेको आग्रहबारे मलेशियाले कुनै औपचारिक जबाफ दिएको छैन।
https://www.bbc.com/nepali,मुख पृष्ठ - BBC News नेपाली,2024 बीबीसी। अन्य वेबसाइटका सामग्रीहरूका लागि बीबीसी जिम्मेवार छैन।
https://topnepalnews.com/,Home Page - Top Nepal News," 
                                    काठमाडौँ । ताइवानको पूर्वी तटीय क्षेत्रमा…                                       "
https://topnepalnews.com/,Home Page - Top Nepal News,"
                                    काठमाडौँ । रियल मड्रिडले ३६औं पटक…  
                                      "
http://nepalipost.com/beta/,नेपालीपोष्ट – Nepali news site.,नेपाली पोष्ट डटकम
https://www.bbc.com/nepali,मुख पृष्ठ - BBC News नेपाली,सुर्खेत र जुम्लामा बाहेक कर्णालीका अरू जिल्लामा शिशुका लागि आवश्यक एनआईसीयू सेवा नै उपलब्ध छैन।
https://www.bbc.com/nepali,मुख पृष्ठ - BBC News नेपाली,नेपालले करिब एक महिना अघि नै औपचारिक पत्र पठाएर जीबी राईलाई स्वदेश फर्काइदिन गरेको आग्रहबारे मलेशियाले कुनै औपचारिक जबाफ दिएको छैन।
https://www.bbc.com/nepali,मुख पृष्ठ - BBC News नेपाली,2024 बीबीसी। अन्य वेबसाइटका सामग्रीहरूका लागि बीबीसी जिम्मेवार छैन।
https://topnepalnews.com/,Home Page - Top Nepal News," 
                                    काठमाडौँ । ताइवानको पूर्वी तटीय क्षेत्रमा…                                       "
https://topnepalnews.com/,Home Page - Top Nepal News,"
                                    काठमाडौँ । रियल मड्रिडले ३६औं पटक…  
                                      "
http://nepalipost.com/beta/,नेपालीपोष्ट – Nepali news site.,नेपाली पोष्ट डटकम
https://www.bbc.com/nepali/bbc_nepali_radio/programmes/p0340xzv,सांझपख - सांझपख - Nepali - BBC News नेपाली,बीबीसी नेपाली सेवाको हरेक दिन बेलुकी पौने नौ बजे प्रसारण हुने कार्यक्रम
https://www.bbc.com/nepali/bbc_nepali_radio/programmes/p0340xzv,सांझपख - सांझपख - Nepali - BBC News नेपाली,2024 बीबीसी। अन्य वेबसाइटका सामग्रीहरूका लागि बीबीसी जिम्मेवार छैन।
https://www.bbc.com/nepali/topics/cw9kv027nwnt,भिडियो - BBC News नेपाली,2024 बीबीसी। अन्य वेबसाइटका सामग्रीहरूका लागि बीबीसी जिम्मेवार छैन।
https://www.bbc.com/nepali/bbc_nepali_radio/w172zqy8bygvllj,सांझपख - सांझपख - Nepali - BBC News नेपाली,बीबीसी नेपाली सेवाको हरेक दिन बेलुकी पौने नौ बजे प्रसारण हुने कार्यक्रम
https://www.bbc.com/nepali/bbc_nepali_radio/w172zqy8bygvllj,सांझपख - सांझपख - Nepali - BBC News नेपाली,2024 बीबीसी। अन्य वेबसाइटका सामग्रीहरूका लागि बीबीसी जिम्मेवार छैन।
https://www.bbc.com/nepali/bbc_nepali_radio/w172zqy8bygrppf,सांझपख - सांझपख - Nepali - BBC News नेपाली,बीबीसी नेपाली सेवाको हरेक दिन बेलुकी पौने नौ बजे प्रसारण हुने कार्यक्रम
https://www.bbc.com/nepali/bbc_nepali_radio/w172zqy8bygrppf,सांझपख - सांझपख - Nepali - BBC News नेपाली,2024 बीबीसी। अन्य वेबसाइटका सामग्रीहरूका लागि बीबीसी जिम्मेवार छैन।
https://www.bbc.com/nepali/bbc_nepali_radio/w172zqy8bygyhhm,सांझपख - सांझपख - Nepali - BBC News नेपाली,बीबीसी नेपाली सेवाको हरेक दिन बेलुकी पौने नौ बजे प्रसारण हुने कार्यक्रम
https://www.bbc.com/nepali/bbc_nepali_radio/w172zqy8bygyhhm,सांझपख - सांझपख - Nepali - BBC News नेपाली,2024 बीबीसी। अन्य वेबसाइटका सामग्रीहरूका लागि बीबीसी जिम्मेवार छैन।
https://www.bbc.com/nepali/bbc_nepali_radio/w172zqy8bygnssb,सांझपख - सांझपख - Nepali - BBC News नेपाली,बीबीसी नेपाली सेवाको हरेक दिन बेलुकी पौने नौ बजे प्रसारण हुने कार्यक्रम
https://www.bbc.com/nepali/bbc_nepali_radio/w172zqy8bygnssb,सांझपख - सांझपख - Nepali - BBC News नेपाली,2024 बीबीसी। अन्य वेबसाइटका सामग्रीहरूका लागि बीबीसी जिम्मेवार छैन।
https://www.bbc.com/nepali/bbc_nepali_radio/w172zqy8bygkww7,सांझपख - सांझपख - Nepali - BBC News नेपाली,बीबीसी नेपाली सेवाको हरेक दिन बेलुकी पौने नौ बजे प्रसारण हुने कार्यक्रम
https://www.bbc.com/nepali/bbc_nepali_radio/w172zqy8bygkww7,सांझपख - सांझपख - Nepali - BBC News नेपाली,2024 बीबीसी। अन्य वेबसाइटका सामग्रीहरूका लागि बीबीसी जिम्मेवार छैन।
https://www.bbc.com/nepali/institutional-50318130,अनलाइन समाचारमाथिको विश्वास र पारदर्शिता बढाउन बीबीसीले गरिरहेको अभ्यास - BBC News नेपाली,मा बीबीसीले कसरी विविधता बढाउन काम गरिरहेको छ भन्ने बारे जानकारी छ।
https://www.bbc.com/nepali/institutional-50318130,अनलाइन समाचारमाथिको विश्वास र पारदर्शिता बढाउन बीबीसीले गरिरहेको अभ्यास - BBC News नेपाली,"समाचार संस्था, बीबीसी समाचार सङ्कलन वा बीबीसी रेडिओ वा टीभी जस्ता विभिन्न स्रोतमा आधारित सामान्य समाचारहरू वा धेरै पत्रकारले काम गरेका समाचारमा पत्रकारको नाम हुँदैन।"
https://www.bbc.com/nepali/institutional-50318130,अनलाइन समाचारमाथिको विश्वास र पारदर्शिता बढाउन बीबीसीले गरिरहेको अभ्यास - BBC News नेपाली,2024 बीबीसी। अन्य वेबसाइटका सामग्रीहरूका लागि बीबीसी जिम्मेवार छैन।
